trigger,size,fatalities,injuries
1,3,11,
2,1,0,
2,3,10,
3,2,1,
5,2,0,
2,2,0,
2,1,0,
5,2,3,
1,2,,
2,2,2,
2,2,4,
0,0,0,0
1,1,0,
2,1,0,0
2,2,0,1
1,1,0,
1,1,0,
1,1,0,
1,1,0,
2,2,0,
1,1,0,
0,1,0,
1,1,0,
1,1,0,
2,2,6,
1,1,0,
1,2,0,
1,2,4,
2,2,7,
2,2,2,
2,2,2,
2,2,2,
2,2,0,
1,1,0,
2,2,0,
2,2,2,
2,2,2,
2,1,0,
2,1,0,
3,2,3,
3,2,2,
2,2,6,
1,1,0,0
2,2,2,
2,2,6,
2,2,0,
3,3,13,
3,2,5,
2,2,,
2,2,,
2,2,,
2,1,0,
2,2,0,
2,1,0,0
2,1,0,
2,1,0,
2,3,22,28
0,0,0,0
2,2,0,
2,2,0,
2,2,0,
5,2,0,
1,2,1,
5,2,0,
5,2,0,
2,4,0,
1,2,2,
2,1,0,
2,2,0,
2,2,2,
1,2,0,
2,2,0,
2,2,0,
5,2,2,
2,2,0,
2,2,0,
2,2,0,
0,1,0,0
1,1,0,0
2,2,0,
2,2,0,
2,2,1,
1,2,1,
5,2,0,
5,2,0,
1,2,0,0
5,2,0,
2,2,0,
2,1,0,
5,2,0,
1,1,0,
1,1,0,
2,2,7,
1,3,0,0
2,2,0,
2,2,0,
1,3,0,0
2,3,,
2,2,,
2,3,20,
2,3,,
2,2,,
0,1,1,0
1,2,,
1,2,1,0
2,2,0,
2,2,0,
1,2,0,
1,2,0,
1,2,0,
1,1,0,0
2,2,0,
1,3,0,0
2,2,0,
2,2,0,
0,2,0,
1,2,0,
0,2,0,
1,2,0,
1,2,0,
4,3,33,0
1,2,1,1
1,2,0,0
2,3,0,0
1,3,4,2
4,2,0,0
2,1,0,0
4,2,1,
4,2,1,0
2,2,0,0
6,3,0,0
4,1,0,0
6,1,0,1
1,3,4,10
4,1,0,0
0,0,2,1
2,2,2,0
2,3,0,0
,2,2,
4,2,1,0
1,2,0,0
2,1,0,0
2,1,0,0
4,3,105,0
2,1,0,0
1,3,11,0
6,1,0,0
2,2,2,
1,2,2,0
0,3,4,5
1,1,3,0
1,1,0,0
1,2,0,0
4,1,0,0
2,1,0,0
2,1,0,0
4,2,1,1
1,1,0,0
1,2,0,0
2,2,2,
4,2,0,0
,,,
6,3,0,0
4,1,0,0
4,2,0,0
4,3,,
1,2,0,0
6,4,0,0
2,2,0,0
4,2,0,0
1,1,1,0
1,2,0,0
0,1,0,0
4,2,0,0
1,2,6,1
0,1,0,0
0,1,0,0
6,1,0,0
1,2,0,0
1,2,,
0,2,0,0
1,1,0,0
0,2,0,0
0,1,0,0
0,1,0,0
0,1,1,
1,3,0,0
1,1,0,0
1,1,0,0
1,1,0,0
0,1,0,0
0,2,0,0
1,2,6,1
0,1,0,0
1,2,0,0
0,1,0,0
4,1,1,0
6,1,0,0
2,4,0,0
2,2,0,0
1,1,0,0
1,1,2,1
1,2,8,
1,1,0,0
1,1,0,0
6,3,0,0
4,1,0,0
6,2,0,0
1,1,0,0
1,2,0,0
0,1,0,0
4,2,,
2,3,6,0
4,2,1,22
2,2,0,0
0,2,0,0
1,1,0,0
6,1,1,0
1,3,13,
6,2,4,15
2,2,,
0,1,0,0
1,1,0,0
1,1,0,0
0,2,6,
1,2,0,0
1,2,0,0
0,2,0,0
1,2,0,0
0,1,0,0
1,1,0,0
4,2,0,0
1,2,5,0
1,1,0,0
0,1,0,0
4,2,3,1
1,2,0,5
1,1,1,1
6,3,0,0
0,1,0,0
1,2,0,0
2,1,0,0
1,2,3,7
1,1,0,0
0,1,0,0
0,1,0,0
1,2,1,2
1,1,0,0
1,2,2,
2,1,0,0
6,1,0,0
6,1,0,0
1,4,0,0
0,0,0,0
2,3,18,
1,3,0,0
2,1,0,1
1,1,0,0
1,1,0,0
1,1,0,1
1,2,0,0
1,1,0,0
3,2,0,0
2,1,0,0
6,1,0,0
2,2,0,0
6,2,0,0
4,1,0,0
1,2,8,9
0,1,1,2
6,2,,
1,1,1,2
0,0,0,0
0,3,0,0
2,2,2,
2,3,50,
0,2,0,0
4,2,0,1
1,1,,
5,1,0,0
0,1,0,0
0,1,0,0
0,2,0,0
1,1,0,0
1,2,1,8
6,2,0,0
0,0,0,0
1,1,0,0
4,2,,
0,1,0,0
1,1,0,0
1,3,0,1
1,2,0,0
0,1,0,0
1,1,0,0
1,1,0,3
1,3,23,
4,2,0,0
1,3,2,5
6,2,0,0
2,3,0,0
0,2,0,0
0,1,0,0
0,2,0,0
6,1,0,0
1,2,2,
5,2,2,
4,2,0,0
1,2,9,
6,2,4,1
0,3,2,0
6,2,2,2
6,2,0,0
0,1,0,0
1,1,2,
4,2,0,0
1,1,0,0
4,2,0,0
2,1,0,0
0,1,0,0
1,2,0,0
6,1,0,0
6,1,0,0
1,2,3,1
6,5,4,9
2,3,18,
2,1,0,0
1,1,0,0
2,1,0,0
0,3,0,0
4,2,0,0
4,1,0,0
6,3,0,0
1,2,0,0
4,1,0,0
0,1,0,0
6,2,,
1,2,0,0
6,3,,
0,1,0,0
1,1,0,7
2,3,0,0
4,1,0,0
1,1,0,0
4,2,6,
1,1,,0
6,1,0,0
2,2,1,1
6,1,0,0
1,1,0,0
1,1,0,0
4,2,0,0
1,2,0,0
1,2,1,1
6,1,0,0
1,4,0,0
1,1,0,0
1,2,3,0
1,2,0,1
1,1,0,0
1,1,,
1,3,0,0
1,1,0,0
0,0,0,0
0,2,1,0
1,1,0,0
2,1,0,0
2,1,0,0
4,3,0,0
1,2,1,1
2,1,0,0
2,2,0,0
1,1,2,0
2,1,0,0
1,1,0,0
0,2,1,1
2,4,0,0
1,1,0,0
1,1,1,0
4,2,0,0
0,2,0,0
3,3,46,0
4,2,3,0
6,3,4,0
1,3,7,0
4,1,1,0
0,0,0,0
2,2,0,0
1,2,0,0
6,2,7,0
4,2,0,0
1,2,0,0
1,1,1,0
2,1,0,0
2,2,1,0
0,1,0,0
2,1,0,0
0,1,0,0
2,1,0,0
1,1,0,0
1,1,0,0
4,2,3,3
1,1,0,0
0,1,0,0
1,1,1,0
1,2,12,
0,1,0,0
5,2,0,0
1,1,0,0
1,3,0,0
4,3,38,0
4,1,1,0
1,2,0,1
2,2,0,0
1,2,0,0
1,1,0,0
1,2,0,0
2,1,0,0
2,3,5,19
4,2,4,0
1,1,0,0
1,1,1,3
1,1,0,0
0,2,0,0
1,1,0,0
1,2,0,0
1,2,0,0
0,4,8,0
2,3,1,
5,2,1,
0,2,0,0
5,2,,
0,2,1,
4,1,0,0
6,1,0,3
2,2,0,0
0,2,0,0
4,2,0,0
0,0,0,0
2,1,0,0
1,2,0,0
1,2,2,0
4,2,0,0
3,2,1,
1,2,3,
2,2,0,
2,1,0,
2,2,0,
0,0,0,0
0,0,0,0
0,0,0,0
0,0,0,0
0,0,0,0
0,0,0,0
0,0,0,0
0,0,0,0
1,2,,
0,0,0,0
0,0,0,0
1,2,,
1,2,1,
1,2,2,
1,3,7,
2,2,,
2,2,0,
2,2,,
0,0,0,0
2,2,0,
2,1,0,
6,0,0,0
1,1,0,0
2,0,0,0
5,2,0,0
5,2,0,0
0,1,0,0
1,2,0,
2,3,32,
1,3,,
0,2,0,0
1,4,15,
0,0,0,0
2,1,0,0
2,2,0,
2,2,0,
2,2,16,
0,2,0,5
2,2,0,
2,2,7,
4,1,0,0
2,2,4,
2,1,0,
1,1,0,
2,2,0,
1,2,,
0,0,0,0
2,2,0,
0,2,3,1
1,1,0,
1,2,3,
1,2,,
4,2,1,
0,0,0,0
4,2,0,
2,1,,
1,1,,
6,2,5,
2,2,0,
1,2,,
0,0,0,0
1,2,,
2,1,0,0
2,2,0,
0,1,1,2
6,1,0,0
0,0,0,0
5,3,23,1
1,4,,
2,2,0,
1,1,0,0
2,2,0,
0,1,0,0
0,3,0,0
2,1,,
2,2,,
4,2,0,0
2,2,0,
5,2,,
2,3,0,
2,2,0,
0,2,0,0
1,3,22,22
0,2,0,0
2,2,2,
2,1,0,0
1,1,,
0,1,0,3
4,3,0,0
1,2,0,
2,3,1,
2,2,0,
0,2,0,0
1,3,,
0,2,0,0
5,3,29,
2,2,0,
1,2,,
2,1,0,
0,0,0,0
2,2,0,
1,1,0,
2,3,20,
1,2,,
0,0,0,0
2,2,0,
2,2,0,
6,2,3,0
0,0,0,0
0,1,0,
2,2,0,
0,0,0,0
2,2,0,
2,2,0,
1,3,10,
4,2,0,0
0,0,0,0
0,0,0,0
2,2,0,
2,2,3,
1,1,0,0
2,2,3,
2,2,0,
6,2,,
2,2,3,
2,3,0,
2,2,0,
1,2,0,0
2,2,0,
5,1,0,
0,0,0,0
2,2,0,0
5,2,0,2
2,2,0,0
2,3,16,
2,1,1,
5,2,,
0,0,0,0
4,1,0,0
6,2,1,
2,2,3,
0,2,1,
2,3,6,
1,1,,
2,2,2,
2,2,0,0
2,1,0,0
2,2,0,
2,1,0,
5,2,0,0
0,1,0,0
0,2,,
2,2,0,
2,2,0,
1,1,0,0
2,3,2,1
1,2,,
2,2,7,
2,1,0,0
2,2,0,
2,2,,
2,1,,
2,2,0,
0,0,0,0
2,2,0,
2,2,0,
0,2,0,0
2,2,0,
0,0,0,0
2,2,0,
2,2,0,0
2,2,2,
1,2,0,
2,2,0,
1,1,0,0
0,0,0,0
4,1,12,0
2,2,1,
1,2,,
1,2,11,
4,2,8,
2,2,0,
1,1,,
0,1,0,0
2,2,7,
2,3,6,
2,2,0,
1,2,,
1,1,0,
1,2,4,
1,2,,
2,2,0,
0,1,0,0
2,2,5,0
2,2,0,
2,1,0,
3,2,0,
2,2,0,
2,2,,
0,0,0,0
5,2,0,
5,2,3,
2,2,5,
2,2,,
6,4,277,33
2,2,0,
2,2,0,
4,2,0,0
0,0,0,0
1,1,0,
6,1,0,0
2,2,0,
4,2,1,5
4,2,0,0
4,1,0,0
2,2,1,
2,3,12,
2,2,0,
2,1,0,
0,2,0,0
5,2,,
0,1,0,0
2,2,0,
2,2,0,0
1,2,,
2,2,0,
2,2,0,
1,2,,
0,1,,
2,2,0,
2,2,0,
2,4,234,
2,2,,
1,1,0,0
6,0,4,1
2,2,0,
1,2,3,
2,2,0,
0,2,0,0
4,2,2,3
2,2,0,
2,2,0,
2,2,2,
5,2,0,0
2,2,0,
1,2,0,0
4,2,0,0
2,2,1,3
1,2,,
1,2,,
2,2,0,
2,2,0,
4,2,1,0
2,2,0,0
2,2,0,
0,1,0,0
2,3,0,0
1,1,0,
1,1,0,0
2,2,,
1,2,0,
2,1,0,
2,3,2,0
0,0,0,0
0,3,0,0
1,2,,
0,0,0,0
1,2,0,0
1,2,,
2,2,3,
4,2,0,0
2,2,0,
1,2,,
0,0,0,0
1,2,0,0
1,2,,
0,0,0,0
5,2,0,
5,4,1,
0,2,0,0
1,1,0,0
2,2,0,
2,2,,
1,2,0,0
5,2,,
0,2,0,0
1,3,2,
5,1,,
2,1,0,0
2,2,1,
0,1,0,0
2,2,0,
2,2,,
2,2,0,0
1,2,0,0
1,2,,
2,1,0,0
2,2,0,
6,2,,
2,2,0,
1,1,0,
0,2,0,0
0,2,0,0
4,2,0,
4,1,0,0
2,1,0,0
1,1,0,
3,2,2,2
2,1,0,
6,1,0,0
0,0,0,0
0,1,0,
0,2,,
2,1,0,
1,2,1,
2,2,3,
2,2,0,
2,2,0,
4,2,5,
6,2,0,0
5,2,3,0
1,2,,
1,2,0,
1,2,,
2,2,0,4
5,2,0,
2,2,0,
2,3,4,
5,1,,
2,2,1,
2,2,,
2,2,,
2,2,0,
5,2,0,0
2,2,0,
1,2,2,2
4,1,0,0
2,2,,
1,1,0,0
1,2,0,0
2,2,0,
1,2,0,
0,2,,
2,2,0,
2,2,1,
2,2,0,
2,2,0,
4,1,0,0
2,2,0,
3,2,0,0
1,2,,
2,2,0,
2,1,0,
0,0,0,0
2,2,5,
2,2,6,
2,2,0,
1,2,3,
1,2,0,
5,2,0,
5,2,0,
2,2,,
2,2,,
1,1,0,0
2,1,0,
1,3,,
1,2,10,
2,2,0,
2,2,0,0
2,1,0,0
1,2,,
1,2,,
2,2,0,
5,2,3,
2,2,0,
1,2,11,
0,1,0,0
1,1,0,0
6,2,4,0
2,2,0,0
2,3,30,
0,2,0,0
6,2,1,
1,2,0,0
0,2,3,0
2,2,2,
2,1,0,0
2,1,0,0
2,2,0,
2,2,,
0,2,2,
4,2,0,0
0,0,0,0
3,2,0,0
2,2,,
2,3,24,
2,2,0,0
2,2,,
1,2,0,
0,2,1,1
2,2,0,
4,2,0,0
2,1,,
2,3,24,
2,2,0,
6,3,1,0
2,2,0,
2,2,0,
2,2,0,0
2,1,0,
4,2,0,0
0,1,0,0
1,2,,
5,2,1,
2,2,0,
1,2,6,
2,2,0,
2,2,0,0
2,2,0,
4,2,0,0
3,2,0,
2,2,1,
2,2,0,
5,2,3,
5,2,1,
2,2,0,
2,1,0,0
1,2,0,
2,2,3,
1,2,0,0
2,2,0,
4,2,0,0
2,2,0,
4,2,0,0
2,2,0,
2,2,7,
1,2,0,0
2,2,,
1,2,0,
5,2,0,
2,2,1,
0,0,0,0
1,1,0,0
4,2,1,0
2,4,32,
2,1,3,0
2,2,0,
2,1,0,
2,3,18,0
1,1,0,0
4,2,,
0,0,0,0
1,2,0,0
4,2,2,2
2,2,0,0
0,2,0,0
2,2,0,
2,2,0,
0,0,0,0
2,2,0,
1,2,,
1,1,0,
1,2,0,0
1,1,0,
2,2,1,
0,0,0,0
1,2,0,0
3,2,0,0
2,1,0,0
1,2,,
0,2,0,0
2,2,,
2,2,3,
2,2,0,0
0,2,31,46
2,2,0,
2,1,0,
5,2,,
2,1,0,
1,2,0,
2,2,1,
0,0,0,0
1,2,0,0
2,2,3,0
2,2,0,
2,2,,
2,2,0,
5,2,12,
5,2,0,0
2,2,0,
2,1,0,0
1,1,,
2,2,0,
5,2,1,
0,0,0,0
2,1,0,0
1,2,,
0,0,0,0
2,2,,
1,2,3,
5,1,0,
0,0,0,0
0,2,0,0
5,2,0,0
2,1,0,
4,1,0,0
2,1,0,
2,1,0,
1,1,,
0,0,0,0
2,2,0,
1,2,0,
4,2,0,
2,2,1,
0,1,0,0
0,2,0,0
2,3,16,
2,3,1,
1,1,0,
6,3,0,
5,2,1,
2,1,0,
2,2,2,
2,2,3,
1,2,,
2,2,0,
0,2,5,0
2,2,0,
2,2,0,
5,2,,
0,1,0,0
2,2,0,
0,1,0,
4,1,0,0
6,2,0,
2,2,12,
1,2,5,0
0,2,0,0
2,1,,
5,1,0,4
2,2,,
0,1,0,
1,2,0,
2,2,8,3
0,2,0,0
2,2,,
2,2,1,
0,0,0,0
2,2,3,
3,3,0,0
2,2,0,
0,3,0,0
0,0,0,0
1,2,0,0
2,2,0,0
1,2,0,0
0,0,0,0
0,3,0,0
1,1,0,0
2,2,0,
2,2,,
1,2,0,
2,2,0,
1,3,1,
2,2,0,
2,2,3,
2,2,2,0
4,1,2,0
1,1,0,
0,0,0,0
2,1,0,
1,2,0,
2,1,0,
0,2,4,1
2,2,,
2,2,0,
1,2,,
2,3,3,
6,1,0,0
0,0,0,0
2,2,0,
1,2,,
1,2,7,
2,2,,
4,2,0,
2,2,0,
4,2,0,0
1,1,0,
1,3,6,
0,0,0,0
2,2,,
1,1,0,
1,1,3,3
2,1,0,
2,2,0,
2,1,0,
2,2,0,
0,0,0,0
2,4,91,
2,1,0,
4,3,0,0
2,2,0,
2,2,1,1
1,2,,
1,1,0,
0,0,0,0
2,1,0,
2,2,4,
1,2,,
2,2,0,
2,2,1,
3,2,1,
0,0,0,0
2,2,0,
2,2,0,
0,0,0,0
0,3,2,2
0,1,0,
2,2,1,
2,2,0,0
2,2,1,0
6,2,0,0
2,2,3,
0,0,0,0
2,2,0,
2,1,0,
2,2,2,
2,2,,
2,2,0,
2,1,0,
5,2,0,
6,2,0,
1,2,1,
2,2,0,0
4,2,,
2,2,0,
6,1,0,
4,2,,
4,1,0,0
6,1,0,0
2,2,0,
0,3,0,0
5,2,0,
2,2,0,0
2,1,0,
2,2,0,
2,2,0,
0,0,0,0
1,2,1,
0,1,0,0
2,2,3,
1,2,,
6,2,0,0
0,1,0,0
2,2,,
2,2,,
0,0,0,0
4,2,6,
0,0,0,0
2,3,9,
2,1,0,
5,2,0,0
5,2,2,
2,1,0,0
2,1,0,
1,1,0,0
0,2,0,0
4,2,,
2,3,4,
2,1,0,
2,2,20,24
0,0,0,0
2,2,0,
5,2,4,
1,2,,
2,2,0,0
4,2,0,
2,2,0,
2,3,0,0
0,0,0,0
6,2,0,
0,0,0,0
1,1,0,0
1,2,,
2,2,2,
0,1,0,
1,1,3,0
2,1,0,
2,1,0,
2,2,0,0
2,2,0,
1,2,,
2,2,3,
2,2,0,
2,1,0,
2,1,0,
2,2,0,
1,1,0,
2,2,0,
2,2,0,
1,1,0,0
0,1,0,0
5,2,,
0,2,,
2,2,0,
4,1,0,0
2,1,0,
2,2,5,12
4,2,1,3
2,2,0,
0,2,0,
2,2,0,
2,3,,
0,0,0,0
1,1,0,
2,3,0,
6,2,0,0
2,1,0,0
2,2,7,
2,2,0,
1,2,,
6,2,5,0
0,2,0,0
2,2,0,
1,2,0,
1,2,,
4,2,2,2
2,2,0,0
4,1,0,0
3,1,0,0
2,2,0,
1,2,,
2,2,,
0,0,0,0
2,2,,
5,2,0,
6,2,0,0
2,3,0,
1,2,3,
2,2,0,
0,0,0,0
1,2,4,
2,2,0,
1,2,1,
0,1,0,0
4,2,0,0
1,2,0,
2,1,0,0
2,2,0,
0,2,0,0
1,2,,
2,2,0,
2,1,0,0
4,2,0,0
6,3,0,0
2,2,6,
2,2,,
2,2,0,
5,2,0,
1,2,8,
1,2,0,
0,2,0,0
0,4,0,0
2,2,0,
2,1,0,
0,1,0,0
1,2,0,
2,2,0,
1,3,0,
5,1,2,0
1,1,8,0
1,2,0,0
0,0,0,0
0,0,0,0
3,2,1,1
2,2,0,
2,2,3,0
2,2,0,0
2,2,0,
2,2,0,
5,2,0,0
2,0,0,0
6,2,5,
6,2,,
2,2,3,
0,1,0,0
2,2,0,
1,2,,
0,1,0,0
1,2,0,0
4,2,0,0
2,2,0,
4,2,0,0
2,2,0,0
1,1,0,
2,2,0,0
1,2,,
0,1,0,0
6,2,0,0
1,2,0,
0,0,0,0
2,2,,
2,2,1,0
1,1,0,0
4,2,0,0
2,1,0,
1,2,1,
0,1,,
0,0,0,0
2,2,4,
2,2,2,
2,2,0,
2,2,0,
0,0,0,0
1,1,0,
2,1,2,0
0,1,0,0
2,2,0,
2,2,0,0
2,2,0,
0,0,0,0
1,2,10,
2,0,3,20
2,2,17,
1,2,0,
0,1,1,0
6,3,5,0
2,3,0,0
0,3,0,0
2,1,0,
1,1,,
2,2,1,
1,2,,
1,1,3,0
2,2,1,2
0,2,1,0
1,2,5,0
2,2,2,
1,3,,
2,1,0,
1,2,8,0
1,1,,
0,1,0,0
0,0,0,0
0,0,0,0
0,2,0,0
2,2,1,
2,2,0,
2,2,0,
2,2,0,
2,1,0,0
2,2,0,
2,2,0,
5,2,0,0
0,2,1,0
2,2,0,0
4,2,0,0
4,1,0,
4,1,1,0
2,1,,
2,3,53,8
0,0,0,0
2,2,0,
0,2,0,0
2,2,0,0
2,2,0,
5,2,6,4
2,1,0,
2,2,,
2,2,0,
0,2,3,
0,2,0,0
2,2,0,
2,2,0,0
2,2,0,0
2,2,0,
2,2,,
2,2,0,
5,2,,
5,2,10,4
2,1,,
0,1,0,0
1,3,,
5,2,0,0
1,1,0,0
1,2,,
2,1,0,
1,2,,
4,1,5,0
2,2,0,
2,1,0,
3,0,0,0
1,2,,
0,0,0,0
1,1,,
0,0,0,0
4,3,11,
2,2,0,
2,2,0,
1,2,0,
1,2,,
2,2,0,0
1,1,0,0
0,0,0,0
2,2,0,
2,2,1,
5,2,0,
2,2,0,
0,0,0,0
2,2,0,0
4,3,0,0
4,2,0,0
2,3,4,
2,2,0,
1,2,,
2,2,1,
2,1,0,
1,2,0,0
1,2,,
4,0,0,0
2,1,0,
6,1,0,0
2,2,0,
0,2,0,0
2,2,1,
0,0,0,0
1,1,0,0
6,1,0,0
4,1,0,3
0,2,0,0
1,2,,
0,0,0,0
2,3,4,
2,1,1,0
1,2,0,
6,2,0,0
1,3,26,
2,2,0,
2,2,0,
1,2,13,6
2,2,1,
2,2,2,
1,2,,
0,0,0,0
2,2,0,
6,2,12,
1,2,0,0
2,1,1,0
1,1,0,0
1,3,,
0,1,0,0
1,2,0,0
2,1,0,
1,2,,
0,0,0,0
2,1,,
0,2,,
2,1,0,
2,2,,
0,0,0,0
0,2,0,
5,3,68,
0,0,0,0
0,0,0,0
0,1,0,0
0,2,0,0
2,2,0,
2,2,1,0
2,2,5,0
2,3,1,
2,2,,
2,2,0,
2,1,0,
2,2,1,
2,2,1,
1,1,0,
0,0,0,0
2,2,0,0
2,2,1,
0,2,5,
0,0,0,0
1,2,7,
0,0,0,0
2,1,0,
6,1,,
1,1,0,0
4,1,0,0
1,2,0,
0,2,0,0
1,2,8,
2,1,0,
5,2,15,
6,2,1,
2,2,6,0
2,2,2,
4,2,0,0
2,3,0,
2,2,12,
5,2,,
2,1,0,
1,2,2,
1,2,0,
4,1,0,0
2,2,0,
0,2,0,0
1,2,2,
5,2,0,
2,2,,
2,2,0,
2,2,0,
0,2,0,0
1,1,,
2,2,0,
2,2,,
2,3,9,
2,1,0,
0,0,0,0
2,1,0,
1,2,0,0
5,2,1,
1,1,,
2,2,0,
2,2,0,
1,3,3,
0,0,0,0
6,2,3,0
4,1,0,0
0,2,,
2,2,20,5
4,2,0,0
2,2,0,5
2,2,0,
4,2,0,0
2,3,16,
2,2,0,0
2,2,0,
1,3,32,
2,1,0,
2,2,0,0
2,2,0,
4,1,0,0
2,2,0,
2,2,,
1,2,,
0,0,0,0
2,2,0,
2,2,1,
2,2,4,
2,2,0,
2,2,0,
2,2,0,
2,2,12,3
2,3,8,4
6,2,0,0
1,1,0,
2,2,0,0
0,1,0,0
4,2,0,0
0,2,2,
2,2,,
2,1,0,
2,2,,
2,2,2,
4,2,3,0
0,1,0,3
2,2,0,
0,0,0,0
0,0,0,0
2,2,0,
2,1,0,0
2,2,0,
0,2,0,0
2,2,0,
2,2,,
2,1,0,
0,2,,
0,2,0,0
2,2,0,
1,2,0,
0,2,0,0
2,2,0,
2,2,0,0
2,2,0,
2,3,4,
1,4,3,
0,2,,
2,2,1,
1,2,,
0,2,0,0
2,2,,
0,0,0,0
2,2,0,
2,1,0,
0,0,0,0
2,2,6,
1,2,,
6,2,,
2,1,0,
2,2,5,
2,2,0,0
2,2,10,
2,2,5,
2,2,0,
1,1,0,
2,2,4,
1,2,0,0
4,2,0,
0,0,0,0
0,0,0,0
0,1,0,0
1,1,0,
2,2,1,
5,2,0,0
1,2,0,0
6,1,0,0
4,1,0,0
2,2,4,
2,2,13,
5,2,0,
1,2,0,
2,2,2,
0,1,0,0
2,2,5,
4,2,0,0
2,2,,
2,2,2,0
2,2,,
2,1,,
2,2,0,
2,2,0,
0,1,0,0
2,2,0,
2,1,0,
2,1,0,0
6,2,5,0
0,1,0,0
0,0,0,0
2,2,,
1,2,0,0
2,2,0,
1,2,46,
2,2,0,
2,2,0,
2,2,0,
5,2,3,
0,2,0,
1,2,,
2,2,0,0
2,1,0,
2,2,0,
2,2,0,0
2,2,0,0
2,2,0,
1,2,,
0,0,0,0
2,2,1,
2,3,5,12
2,2,0,
2,1,0,0
3,3,14,
1,2,,
2,2,6,
2,2,1,
4,2,0,0
6,2,0,0
1,2,0,0
4,1,0,0
2,3,59,
2,2,0,
1,2,0,
4,1,0,0
2,2,0,
5,1,0,0
0,0,0,0
0,0,0,0
0,0,0,0
1,1,0,
2,2,0,
2,2,0,
2,3,13,
2,2,,
2,2,,
1,1,2,4
2,2,0,
5,2,11,
1,1,0,0
0,0,0,0
2,2,,
0,2,0,1
3,2,108,14
2,2,0,
2,1,0,
1,1,0,
2,2,2,
2,2,12,
2,2,0,0
2,2,0,
0,1,0,0
0,0,0,0
0,0,0,0
2,1,0,0
3,2,1,3
2,2,0,
0,0,0,0
2,3,6,
2,2,,
0,0,0,0
2,2,0,
2,1,0,0
2,2,0,
1,1,0,0
0,0,0,0
2,3,,
0,2,0,0
2,2,4,
2,1,0,
2,2,0,
2,2,1,1
2,2,0,
0,0,0,0
4,3,13,0
4,1,0,0
2,3,13,
1,2,2,2
5,3,14,
0,0,0,0
2,2,0,0
0,1,0,0
2,1,0,
2,2,0,
2,1,0,
2,2,0,
2,2,66,
2,2,0,
2,2,1,0
2,2,5,0
0,0,0,0
4,2,1,0
2,2,0,
2,2,0,
2,0,0,0
2,1,0,
2,2,2,
5,2,4,
2,2,2,
2,2,4,
0,2,,
5,2,2,0
0,0,0,0
0,2,0,0
4,1,0,
1,2,,
2,2,2,
2,2,,
2,2,19,
5,2,2,
0,0,0,0
0,1,0,0
1,1,0,0
4,1,0,
1,2,,
2,1,0,
0,0,0,0
2,2,0,
1,2,0,0
2,2,6,4
0,1,0,0
0,2,,
0,2,0,0
0,0,0,0
1,2,0,
2,2,0,
6,1,1,0
3,2,,
4,2,0,0
2,2,,
2,2,0,
0,0,0,0
0,0,0,0
1,2,3,
0,2,3,0
1,1,0,
2,1,0,0
1,2,3,
6,3,0,0
2,2,3,1
2,2,15,
5,2,3,1
2,2,0,2
6,2,0,0
1,2,1,
2,2,0,
4,1,0,
0,2,0,0
2,2,0,
1,2,0,0
2,3,1,0
2,1,0,0
2,3,0,0
0,1,0,0
0,0,0,0
2,1,0,
1,2,,
1,2,0,
2,1,0,
2,2,,
2,2,0,0
5,3,3,0
1,2,0,0
2,2,0,
2,2,0,
2,2,0,
0,0,0,0
2,1,0,0
2,2,0,
0,0,0,0
4,1,0,0
0,0,0,0
2,2,,
2,1,0,
0,0,0,0
1,2,1,
1,2,2,
0,0,0,0
2,1,,
2,2,0,
1,2,3,
2,3,43,
0,1,0,0
2,2,0,
0,0,0,0
2,1,0,
2,1,,
4,2,0,1
0,0,0,0
2,2,0,0
1,2,0,0
4,2,,
4,2,,
1,2,2,
0,0,0,0
2,2,0,
1,2,,
5,1,0,0
2,2,0,0
2,2,0,
2,2,1,
2,1,0,
0,0,0,0
2,1,0,
2,2,0,
2,2,0,3
1,2,0,0
6,2,0,0
6,2,4,
2,2,1,
0,2,0,
4,1,0,0
2,2,0,
2,2,0,
1,1,0,
5,2,5,7
4,1,0,0
2,2,,
1,3,14,
2,2,0,
2,2,0,
0,0,0,0
0,2,0,0
1,1,,
2,2,0,
4,1,0,0
0,0,0,0
5,3,0,
2,2,0,
4,1,0,0
0,0,0,0
0,0,0,0
6,2,0,0
2,2,8,0
2,2,0,0
5,2,,
2,2,41,0
2,2,14,
0,0,0,0
0,0,0,0
2,1,0,
0,2,0,0
1,2,0,
6,2,7,0
1,1,0,
2,3,56,
2,1,0,
2,2,0,0
2,2,,
2,0,0,0
0,0,0,0
1,2,,
1,3,47,0
2,1,0,
2,2,0,
6,2,0,
0,0,0,0
1,2,0,0
2,2,1,
2,2,1,
0,2,0,0
1,2,1,
2,1,,
0,0,0,0
4,2,3,0
2,2,,
2,2,,
1,2,0,
2,2,0,
2,2,0,
2,2,0,
0,3,23,0
2,2,0,
0,2,0,0
3,2,,
2,2,0,0
5,3,20,0
4,1,0,0
2,1,0,0
1,2,0,0
2,3,4,
2,1,,
5,2,,
1,1,0,
0,2,0,0
2,2,0,
2,3,0,
3,2,0,0
2,4,2,
2,2,2,
2,0,0,0
1,2,0,
1,2,1,
2,2,0,0
0,2,0,
0,0,0,0
1,1,,
4,1,0,0
2,2,3,
0,0,0,0
1,2,,
2,1,0,0
2,1,0,
2,2,1,
4,2,0,0
2,2,3,
2,3,17,
2,1,0,
2,2,,
2,1,0,0
1,2,0,0
2,2,0,
0,1,0,0
2,1,0,
2,2,0,
1,2,10,
2,2,1,4
1,2,0,0
2,2,0,
2,1,0,0
4,2,0,
5,2,1,4
1,1,,
4,2,0,0
5,2,,
0,0,0,0
2,2,0,0
2,2,,
2,2,1,
2,1,,
1,2,3,
3,2,0,
2,1,0,0
1,2,0,
2,2,0,
2,3,49,
2,2,0,0
2,2,0,
5,1,0,0
1,2,0,0
2,2,1,
2,2,0,
1,3,2,
2,1,,
0,1,5,0
2,2,1,
2,2,0,0
2,2,0,0
0,2,0,0
0,2,0,0
4,0,0,0
6,2,0,0
2,2,3,
0,1,0,
5,2,0,
2,2,0,
4,1,0,0
1,2,8,
2,2,1,
2,2,0,
1,1,0,0
1,2,0,0
2,2,0,
2,2,0,
0,0,0,0
2,2,0,
2,2,1,
0,0,0,0
5,2,0,
2,3,,
2,2,0,
2,2,4,
0,2,0,0
5,1,1,0
5,1,2,
6,2,,
2,2,0,
0,0,0,0
0,0,0,0
1,2,0,0
2,2,0,0
4,1,0,0
2,2,0,0
2,1,0,
1,2,,
1,1,0,
2,2,0,
2,1,0,
2,2,0,
2,2,0,
2,2,0,
2,1,0,
2,2,1,
2,2,,
2,3,0,
1,2,1,
1,2,,
0,2,2,1
0,1,0,0
5,2,0,
2,2,0,
0,1,0,0
2,2,0,
2,2,0,0
2,2,0,
1,2,0,
2,2,0,
0,2,0,0
2,2,0,
0,0,0,0
4,3,25,
4,2,0,0
2,2,0,0
1,2,,
0,0,0,0
4,2,0,0
1,2,0,0
4,2,0,0
2,2,,
4,2,,
2,2,,
2,2,0,
1,2,0,
1,2,0,
2,3,8,
2,2,0,
1,2,,
4,1,3,1
1,2,2,
0,2,0,0
4,2,0,0
5,2,,
3,2,0,0
5,2,3,
0,0,0,0
2,2,0,
2,2,3,
4,2,0,0
2,3,,
2,3,13,
2,1,,
2,2,0,
0,3,16,0
1,1,0,
2,2,0,
1,2,,
1,2,0,
1,2,0,
2,2,0,
2,3,,
6,1,16,0
0,0,0,0
2,2,0,
2,1,0,11
3,3,0,0
2,2,0,
0,0,0,0
2,2,,
2,2,0,
2,3,3,
0,0,0,0
2,2,42,
0,1,2,0
0,2,0,0
5,2,2,
2,1,0,
2,2,0,
0,1,0,0
6,2,2,2
2,1,0,
2,2,0,0
0,2,0,0
6,2,0,0
2,2,5,
2,2,,
2,2,0,
2,1,0,
0,0,0,0
2,2,0,
2,2,5,
2,2,7,0
2,1,0,0
2,1,0,0
1,2,0,
6,1,0,0
2,2,0,
1,3,,
0,0,0,0
0,0,0,0
2,2,6,
2,1,0,
1,2,0,
4,2,,
5,2,,
1,2,,
5,2,0,0
2,2,0,
2,1,6,7
2,2,0,
1,1,0,0
0,1,0,0
1,2,1,
2,2,0,
2,2,2,
0,2,6,0
1,1,0,0
5,2,0,
1,2,,
0,0,0,0
2,2,7,
2,1,0,
6,2,0,
1,1,0,0
2,2,,
2,1,0,
1,2,,
2,2,0,
0,2,0,0
0,0,0,0
2,1,0,1
6,1,0,0
2,2,0,
2,2,1,
0,1,2,1
5,2,,
1,2,4,
2,2,0,
2,2,2,
5,2,37,
2,1,0,
0,0,0,0
2,2,1,1
1,2,,
0,0,0,0
2,1,0,
0,0,0,0
2,2,2,
1,2,0,0
2,2,0,0
4,2,,
2,3,,
4,2,9,0
2,2,5,
5,2,,
2,1,0,
1,1,,
2,2,1,
2,3,,
1,3,23,
6,2,0,0
2,2,6,
4,2,0,0
6,2,0,0
2,2,2,
2,2,0,
2,1,0,
4,2,0,0
0,3,0,0
2,2,0,
0,0,0,0
2,2,0,
2,2,0,0
2,2,0,
5,2,0,0
0,2,0,0
1,2,,
2,3,,
1,2,,
6,2,1,
2,3,,
1,1,0,1
1,2,0,0
2,1,0,
2,2,,
2,2,1,0
6,2,,
2,1,0,
0,0,0,0
1,2,0,0
1,2,,
2,2,0,
2,1,0,
0,0,0,0
0,0,0,0
4,2,0,
2,1,0,
2,2,2,0
2,2,5,
1,3,,
1,2,,
2,2,0,0
4,2,0,0
2,2,3,5
2,2,0,
4,2,,
2,1,0,
6,2,0,
6,2,0,0
2,1,0,
2,1,0,
2,2,,
2,2,0,0
6,2,0,0
2,1,0,
2,1,0,
5,2,,
2,2,0,
2,2,,
2,2,0,
4,2,0,0
2,2,,
1,2,,
0,0,0,0
5,2,0,
0,2,0,0
0,0,0,0
4,2,0,0
1,2,,
1,2,0,0
2,0,0,0
2,2,0,
2,3,1,0
2,2,1,0
2,2,0,
2,2,,
2,2,3,1
1,2,6,
1,2,0,
2,1,0,
1,1,0,0
5,2,0,2
2,3,,
6,2,0,
0,1,0,0
4,2,0,0
1,1,,
1,2,0,
2,2,0,
2,2,0,
2,2,0,
4,1,0,0
2,1,0,
2,2,,
2,2,0,
2,2,3,
1,1,,
2,2,2,0
1,2,0,
2,2,3,
2,1,0,
0,2,4,0
2,2,0,
0,0,0,0
2,2,,
2,2,0,
2,2,3,
2,1,0,0
0,2,0,0
2,2,,
0,0,0,0
1,2,2,0
2,2,0,
1,1,,
3,2,1,4
2,2,0,
2,2,9,
1,3,,
2,2,0,
1,2,0,
1,2,,
2,2,0,
5,2,0,
1,1,0,0
1,2,4,
4,0,2,0
2,2,0,0
1,2,5,
0,0,0,0
0,1,0,0
6,1,1,3
2,2,0,
6,2,5,0
2,2,0,0
0,0,0,0
1,1,0,0
2,2,0,
5,2,0,0
3,2,0,0
2,2,0,
2,2,1,
2,2,0,
2,2,0,
1,1,0,
0,0,0,0
2,2,0,
0,2,0,0
2,2,2,
6,2,0,
2,2,0,
2,1,0,
1,2,0,0
1,2,0,0
0,1,0,0
2,2,0,
2,2,0,
1,2,1,
1,2,6,
5,1,0,
4,2,,
2,2,0,0
0,1,0,0
3,2,5,
0,0,0,0
2,2,0,
1,3,0,0
1,2,,
2,2,0,
0,0,0,0
1,2,28,
5,2,0,
2,2,0,0
2,1,0,0
2,2,16,
2,2,0,
2,2,0,0
2,1,1,0
0,0,0,0
2,2,,
0,0,0,0
5,2,1,1
5,2,0,
1,2,,
2,2,0,
2,2,1,
6,2,10,
2,2,0,
2,2,0,
1,1,,
4,2,0,0
1,1,0,
1,3,,
1,1,0,
4,2,0,5
2,2,0,0
2,2,0,
4,3,4,0
1,2,3,
3,2,5,2
0,0,0,0
5,2,2,9
2,2,0,
2,2,0,
5,2,0,
0,1,0,0
6,2,0,
5,2,0,
2,2,0,
2,2,0,
1,2,0,0
2,2,2,
6,1,0,0
1,2,0,0
1,2,0,0
0,2,0,
2,3,12,
2,2,1,
2,2,2,
0,0,0,0
2,1,0,
2,2,0,
2,2,0,0
1,2,0,
6,3,7,
2,1,0,
1,1,1,3
2,2,0,
1,1,0,0
1,1,,
2,2,0,
2,2,0,
2,3,2,0
3,2,1,
2,1,0,
6,2,0,0
2,2,4,
0,0,0,0
0,2,0,0
1,1,0,
2,2,0,
2,2,54,0
2,2,0,0
0,0,0,0
4,1,0,0
2,2,0,
2,2,1,
2,2,8,
1,2,,
2,2,,
2,3,0,0
2,2,0,
2,2,0,
6,2,0,0
4,1,0,0
2,3,0,0
2,2,2,
2,2,,
2,2,5,
5,2,,
2,2,0,
1,1,0,
2,2,0,
2,2,0,
2,2,0,0
4,2,0,0
5,2,0,
2,3,11,
2,1,0,0
1,1,0,
1,2,0,0
2,2,4,
5,2,1,
2,2,0,
5,2,3,0
2,2,0,
2,1,0,
1,2,0,
2,2,,
1,1,0,0
0,0,0,0
2,1,0,0
2,2,,
0,1,0,0
1,2,,
2,1,0,0
1,3,1,
1,1,0,
0,0,0,0
5,2,2,0
2,2,0,
5,2,,
0,2,2,2
1,2,,
2,2,4,
1,2,,
2,2,1,
2,1,0,0
1,2,0,0
0,2,0,0
2,2,0,
5,2,,
2,2,0,
0,0,0,0
1,2,,
0,2,0,0
0,0,0,0
2,2,0,
1,2,,
5,3,0,
1,2,3,
0,2,0,0
1,1,0,0
2,2,0,
0,2,0,1
2,2,,
3,2,0,
6,1,0,0
1,1,0,0
0,0,0,0
2,4,6,
2,2,0,
2,2,0,
2,2,0,
2,2,0,
2,4,63,
0,0,0,0
2,1,0,0
0,2,3,1
2,2,2,
0,0,0,0
2,2,,
2,3,,
0,2,0,0
1,2,,
1,2,0,0
1,2,0,0
1,2,0,
5,2,0,
1,2,0,0
0,2,6,
2,2,1,
0,0,0,0
1,2,,
1,3,0,
0,0,0,0
2,3,0,0
0,1,0,0
0,0,0,0
0,0,0,0
1,2,,
1,2,10,
2,2,0,
2,2,,
2,2,0,
1,2,,
0,2,0,
2,2,2,
1,2,1,
4,2,0,1
2,2,0,
0,2,0,0
2,1,0,0
2,1,,
2,2,0,
2,2,0,
0,1,0,0
0,2,0,0
0,1,0,0
6,1,0,0
0,0,0,0
0,0,0,0
2,2,0,
0,2,0,0
1,2,,
1,2,0,
2,2,1,2
2,2,0,
5,2,1,
5,3,5,
5,2,0,0
2,2,0,0
0,0,0,0
2,2,0,
0,2,0,0
0,1,1,0
4,2,5,
2,2,3,
1,1,6,0
2,2,1,
2,0,0,0
0,0,0,0
2,1,0,
2,1,,
5,2,0,0
2,0,3,15
0,0,0,0
2,2,,
1,1,0,
2,2,,
2,2,0,
0,0,0,0
2,1,0,
2,2,0,
1,1,0,
0,2,1,0
1,2,1,
1,2,,
4,2,0,0
2,3,0,
1,2,8,
2,2,0,
2,2,,
2,2,0,
5,3,13,
2,2,0,0
1,3,,
0,2,6,
2,2,0,
0,0,0,0
5,1,0,0
2,2,0,
4,1,3,4
4,2,1,0
6,2,0,0
5,2,0,
2,2,0,
0,2,0,
4,1,0,
2,2,0,
2,2,1,
1,2,7,
5,2,0,
5,2,17,
2,2,0,
4,3,0,0
2,2,1,
6,1,0,0
2,2,0,
0,0,0,0
2,3,0,0
1,2,1,
2,2,0,0
0,2,0,0
2,2,0,
1,1,0,
0,2,4,1
0,1,0,0
1,2,,
0,2,1,0
1,2,,
2,2,0,
4,2,0,0
2,2,0,0
1,1,0,
2,2,3,0
6,2,0,0
2,2,7,
0,0,0,0
1,2,0,
2,2,0,
0,0,0,0
1,2,,
0,0,0,0
1,1,0,
4,2,5,0
2,2,,
2,2,0,
2,2,2,
2,2,0,
2,1,0,
2,2,0,
1,1,0,0
2,2,4,
4,1,0,0
0,0,0,0
5,3,0,0
2,2,0,
1,2,0,
2,2,0,
2,2,0,0
5,2,,
0,0,0,0
2,1,0,0
2,2,0,
2,2,0,
2,2,0,
1,1,0,0
2,2,0,
2,2,0,0
2,2,,
2,2,8,0
2,2,0,
2,2,0,
1,2,7,
1,2,0,0
1,2,0,0
1,2,0,0
0,2,0,0
0,1,0,0
0,2,0,0
5,3,1,0
0,0,0,0
2,2,1,
1,2,7,
1,2,,
1,2,,
2,2,6,
2,2,0,0
2,2,,
6,2,1,
0,0,0,0
2,2,0,0
2,2,,
2,2,,
2,1,0,
1,1,0,0
0,0,0,0
2,2,0,0
2,2,1,
0,0,0,0
6,2,0,0
1,1,0,0
1,2,0,0
2,2,0,
2,2,0,0
0,0,0,0
0,1,0,0
2,2,0,
1,3,,
2,1,0,
0,0,0,0
0,2,0,0
2,2,1,
2,2,1,
2,2,0,
0,0,0,0
1,2,0,0
2,2,0,
2,2,0,0
0,2,0,0
2,2,3,0
4,2,1,1
2,1,0,0
1,2,,
2,1,0,0
2,2,0,
2,2,,
2,2,0,0
2,3,7,
0,0,0,0
5,2,,
1,2,8,0
2,3,0,0
2,2,0,
1,2,,
1,2,0,0
2,2,0,
1,2,,
0,0,0,0
5,2,1,0
2,2,0,
2,1,0,
1,2,0,
2,1,0,
2,2,,
2,0,0,0
2,1,0,0
2,1,0,
1,3,10,
6,2,,
2,2,2,
2,1,0,1
2,2,0,0
1,4,19,
2,2,1,
0,0,0,0
2,2,0,0
5,2,7,
2,1,0,0
1,2,0,
2,3,11,
2,2,0,
2,2,0,
0,0,0,0
5,4,3,
5,2,0,
2,2,0,
1,2,,
2,3,,
2,2,0,
2,2,4,
2,2,0,
2,2,0,
2,1,0,
2,1,0,
2,1,0,
4,2,2,0
2,2,0,
2,2,,
2,2,0,0
2,2,1,
2,2,0,
2,2,0,0
1,2,2,
6,1,,
2,2,0,
0,0,0,0
1,2,0,0
2,2,3,
4,2,0,1
1,1,0,
1,2,,
0,0,0,0
2,1,0,
1,1,0,0
1,1,7,0
1,2,0,
1,2,1,
2,2,,
2,2,0,
2,2,0,
2,2,0,
2,2,0,
2,2,0,0
0,0,0,0
2,3,9,
2,1,0,0
1,2,,
0,0,0,0
2,1,0,
5,1,0,0
2,2,1,5
1,2,,
2,2,7,
0,2,7,
2,2,0,
0,2,0,0
1,2,2,
0,0,0,0
6,2,2,0
0,1,0,0
0,2,,
2,2,0,
2,2,,
1,1,0,0
5,2,2,
2,1,1,
5,2,0,17
0,2,0,
2,2,10,
4,2,0,
2,1,0,
1,2,,
5,2,0,
2,1,0,
4,2,1,0
1,2,2,
2,1,0,0
2,2,0,
2,2,,
1,1,0,0
2,3,0,
2,2,2,
2,2,0,
2,2,,
5,2,1,0
5,2,0,0
2,2,2,
0,0,0,0
2,2,0,0
2,1,0,
2,2,0,0
0,0,0,0
1,2,0,
1,1,,
2,2,6,
2,2,0,
2,2,0,
1,2,,
3,2,,
2,2,,
1,2,8,
2,2,0,0
2,2,8,
2,2,0,
5,2,0,2
1,2,,
0,3,0,0
2,2,0,
2,1,0,
0,0,0,0
2,1,0,
0,0,0,0
6,1,8,3
2,2,0,
2,2,0,
2,2,,
2,2,,
3,2,1,
0,1,0,0
1,2,,
2,3,0,0
2,2,0,
2,2,,
2,2,0,
0,1,0,0
2,3,,
2,1,0,
1,1,,
2,2,4,
1,2,,
2,2,0,1
1,2,0,0
2,2,0,
2,2,3,
5,2,0,
2,2,0,
2,3,0,
1,2,0,
0,0,0,0
2,2,0,
3,2,0,0
0,0,0,0
2,1,0,0
2,2,0,0
4,1,0,0
1,1,0,0
0,0,0,0
1,2,2,
0,1,0,0
5,1,0,
0,1,0,0
0,2,0,0
0,0,0,0
2,2,0,
0,2,0,0
1,2,,
5,2,,
2,2,0,
1,1,0,
2,2,0,
2,1,0,
2,2,13,0
6,1,0,4
2,2,0,
4,1,0,0
0,2,0,0
1,2,2,6
2,2,0,
0,1,,
2,2,0,
2,2,0,0
0,0,0,0
2,2,0,
1,2,0,0
2,2,10,
4,2,0,0
4,2,0,0
3,2,0,0
2,2,0,
0,2,6,0
1,2,,
0,3,0,0
1,2,0,
2,2,0,
2,2,,
2,2,0,
0,0,0,0
6,2,1,0
1,1,0,2
0,2,0,
2,2,4,0
5,1,0,
2,2,,
0,0,0,0
2,3,5,
1,2,,
2,2,0,
1,2,5,
4,2,0,0
0,0,0,0
2,2,0,
4,2,0,0
1,1,0,
4,3,0,0
0,0,0,0
2,1,0,
2,2,0,
1,2,2,
0,0,0,0
1,2,,
1,2,,
1,1,,
2,2,0,
2,1,0,
4,2,0,0
2,2,,
2,2,0,
2,2,0,0
3,2,,
2,1,0,
0,1,0,0
1,2,,
2,2,0,
0,1,0,0
2,2,0,
0,1,0,0
2,2,5,
5,2,0,0
1,2,0,
1,1,0,0
1,2,0,
2,2,0,
2,2,,
1,1,0,0
1,3,7,
2,2,0,
2,2,4,
2,1,0,0
0,0,0,0
2,2,0,
1,1,,
2,2,0,
0,3,0,0
0,0,0,0
1,1,0,0
4,2,0,0
5,2,1,
0,2,0,0
0,0,0,0
2,2,0,
2,3,0,
2,2,0,
2,1,0,
0,2,0,0
6,2,2,20
0,1,0,0
1,2,3,
2,1,0,0
0,2,0,4
1,2,,
5,1,0,0
2,2,7,
2,3,0,0
1,1,0,0
2,2,1,
5,2,0,0
1,2,0,0
0,2,0,0
2,1,0,
4,2,0,2
0,2,,
1,2,0,
2,3,15,
2,2,0,
1,2,5,6
2,2,0,
2,2,0,
5,2,0,0
3,1,0,0
1,3,,
5,2,0,0
2,2,1,
2,2,0,0
4,1,0,0
1,1,0,
0,0,0,0
2,2,0,
0,0,0,0
0,2,0,0
1,2,18,
2,2,0,
2,2,,
4,2,10,
2,2,0,
2,2,0,
2,1,0,0
2,2,0,
0,0,0,0
2,2,0,
2,1,0,
0,0,0,0
2,1,0,
2,2,0,0
2,2,0,0
1,2,0,
1,2,2,
0,0,0,0
0,0,0,0
1,2,6,
2,2,0,
5,2,0,
2,2,1,
1,2,,
2,2,0,
2,2,1,
2,2,0,
4,2,0,0
0,1,0,0
2,2,0,
2,2,2,
2,2,3,
2,2,,
5,4,430,
4,2,0,1
0,0,0,0
1,2,0,0
2,2,0,
1,1,,
0,0,0,0
0,0,0,0
2,1,0,
1,2,0,
0,1,1,0
2,2,0,
2,2,0,
5,2,7,
2,2,0,
1,2,0,0
2,2,0,
0,0,0,0
4,2,0,0
4,2,4,1
5,2,1,
2,2,4,
2,1,0,0
2,2,5,
0,1,0,1
4,1,0,0
4,2,0,0
5,2,,
5,2,0,0
2,1,0,
1,2,0,
0,0,0,0
1,1,0,0
0,2,0,0
1,2,0,0
0,2,0,0
2,2,0,
1,1,0,
6,2,4,0
2,1,0,
4,2,5,0
2,2,,
5,2,0,0
4,2,1,
0,0,0,0
2,2,0,
2,2,4,
2,2,0,0
4,2,0,0
5,2,1,
2,2,0,
2,2,0,
5,3,17,
4,2,0,0
1,3,3,
1,1,0,
2,2,0,
0,2,1,
2,2,0,0
0,2,1,
5,3,104,
2,2,0,
2,2,0,0
2,3,,
1,1,,
1,1,0,0
2,2,0,
0,0,0,0
0,0,0,0
1,2,7,
1,2,0,0
4,1,0,0
1,1,2,
0,0,0,0
0,2,1,1
1,1,0,0
2,1,0,0
0,0,0,0
2,2,0,
2,2,0,0
2,4,424,
5,2,0,0
4,2,0,0
2,1,0,
2,1,7,3
2,2,0,
1,2,3,
4,1,0,0
2,2,2,
2,1,0,
0,2,1,
1,2,,
2,1,0,
2,2,0,
2,2,0,
1,2,,
0,0,0,0
2,2,3,
1,2,6,0
5,2,50,
2,1,0,
1,2,0,0
2,2,0,
2,1,1,1
2,2,1,0
1,1,0,0
4,2,0,0
0,1,0,0
6,3,1,3
4,2,0,0
0,0,0,0
1,2,0,
5,2,0,0
2,2,3,
2,2,,
1,1,0,
2,1,0,0
1,2,0,0
2,2,3,
0,1,0,0
2,2,26,
4,1,0,0
5,4,0,
2,2,0,
1,1,0,0
2,2,13,2
2,2,0,
0,0,0,0
1,2,,
2,2,,
0,0,0,0
2,1,0,
2,1,1,0
5,4,39,
1,2,0,
2,2,,
0,2,0,0
4,1,0,0
3,2,,
2,2,0,
2,1,0,0
2,3,21,
2,2,0,
2,1,0,0
0,2,0,0
1,1,0,0
1,1,,
1,1,0,0
2,3,28,
0,2,0,0
2,3,10,
2,1,0,
1,2,,
1,1,0,
2,4,,
0,0,0,0
2,2,0,
5,2,0,
1,2,3,2
0,0,0,0
0,0,0,0
0,0,0,0
1,2,3,1
2,1,0,0
5,2,0,0
1,2,,
2,1,0,
4,1,0,0
4,3,151,0
0,2,0,0
1,2,,
2,3,3,
2,2,0,
0,0,0,0
2,2,0,
2,2,0,
1,2,0,
5,2,,
0,0,0,0
2,2,0,
2,2,0,
0,0,0,0
0,0,0,0
2,2,0,
2,2,0,
2,2,0,
2,1,2,
0,0,0,0
4,1,1,1
1,1,0,
2,2,2,
2,2,1,
2,2,,
2,1,0,0
1,2,0,0
2,3,0,0
2,2,0,
6,1,0,0
1,2,1,0
2,2,0,
2,1,0,
1,2,0,0
2,2,0,0
2,1,0,0
2,3,0,
2,2,0,
2,2,0,
4,2,0,0
0,0,0,0
1,2,0,
6,1,0,0
1,2,1,
0,2,0,
2,2,0,
2,2,0,0
2,3,,
4,2,,
0,1,0,0
0,2,0,0
2,2,0,
5,2,,
2,2,0,0
2,2,0,
1,2,0,
0,0,0,0
1,2,,
4,2,0,0
6,3,0,0
2,1,0,
3,3,0,0
2,2,0,
6,1,0,0
0,0,0,0
2,2,5,8
0,2,0,0
1,2,3,2
2,2,5,
2,1,0,
0,1,0,0
2,2,0,
1,2,11,
5,2,,
2,3,11,
4,2,0,0
2,0,0,0
2,2,,
2,2,2,
1,2,,
2,1,0,0
1,2,0,
1,2,0,
2,3,31,
6,1,1,1
5,2,0,0
4,3,0,0
4,2,1,1
2,2,1,0
2,2,,
2,2,0,
1,2,0,0
2,2,0,
4,2,0,0
2,2,0,
1,2,,
0,0,0,0
0,0,0,0
0,0,0,0
1,1,,
2,2,0,
2,2,2,
1,1,,
0,0,0,0
2,2,0,0
5,2,7,
2,1,0,
2,2,,
1,1,0,
1,2,,
2,1,0,
1,2,0,0
2,3,4,0
1,2,1,2
2,2,4,
2,2,6,
2,2,,
5,3,28,6
1,2,0,
2,2,0,
3,2,0,
5,2,,
1,3,0,0
4,2,0,0
2,2,3,
5,2,,
2,2,0,
1,3,,
2,2,0,
2,2,0,
1,2,0,0
2,1,0,
5,1,2,0
0,2,0,
0,0,0,0
4,1,9,0
2,2,0,
1,2,,
0,2,0,0
0,2,0,0
1,2,,
2,2,4,8
6,3,0,3
2,2,4,
2,2,,
2,2,4,7
2,2,0,
2,2,1,
2,2,2,1
2,2,0,
2,1,0,
2,2,0,
2,1,0,
2,1,0,
2,2,0,
1,1,0,
0,0,0,0
5,2,0,
2,2,0,
1,1,,
2,2,,
2,1,0,
2,2,0,
1,3,3,0
2,2,0,
1,4,,
2,2,0,
2,2,,
5,2,0,0
2,2,0,
2,2,3,0
6,2,0,0
2,1,,
2,1,0,0
4,1,0,0
2,2,1,
0,1,0,0
2,2,,2
1,2,0,
1,1,0,
2,2,1,
0,2,,
0,2,,
5,2,7,
1,1,0,0
2,2,0,
0,0,0,0
0,0,0,0
1,2,,
2,2,3,
4,1,0,0
1,2,0,
2,2,,
0,2,,
2,1,0,
1,1,0,0
4,1,0,0
1,1,0,0
0,0,0,0
5,2,,
2,2,0,
1,2,10,
1,2,1,
2,2,0,0
2,2,9,12
2,3,12,
1,1,0,0
2,1,,
2,2,6,
2,2,3,
2,2,,
4,1,0,0
2,1,0,
0,1,0,0
0,0,0,0
1,1,0,
2,2,0,0
1,2,,
2,1,0,
0,2,0,0
2,2,2,
2,2,0,
2,1,0,
5,3,2,0
0,2,0,0
2,2,0,
2,2,0,
0,0,0,0
2,1,0,0
2,1,0,
2,2,0,
1,2,5,
6,2,6,1
2,2,,
4,2,,
1,2,,
1,1,0,0
5,2,0,
2,2,0,
4,2,0,0
2,2,4,
2,3,15,50
1,2,,
1,1,0,0
5,2,3,
4,1,3,0
2,1,0,
2,2,0,
2,2,2,
1,2,3,
1,2,,
6,2,9,2
2,2,0,
1,1,0,0
2,2,9,
2,2,,
2,2,0,
0,2,,
0,2,0,
0,0,0,0
2,1,0,
1,1,,
1,2,40,
2,2,2,
5,2,3,
1,2,2,
0,0,0,0
2,2,0,0
2,1,0,0
0,0,0,0
2,2,0,
2,1,0,
0,0,0,0
2,2,2,
2,2,,
1,2,0,0
2,2,,
2,2,0,
2,2,12,
6,2,1,0
0,0,0,0
2,2,,
1,2,0,0
2,2,0,
2,3,50,
0,1,0,0
2,2,0,0
1,3,,
0,2,0,0
6,1,2,1
1,3,27,
3,1,0,0
2,2,,
1,3,0,
2,2,0,
1,1,0,0
2,2,1,
2,2,1,
2,2,0,
2,2,3,0
1,1,2,1
0,0,0,0
0,2,0,0
2,2,7,
0,0,0,0
2,2,,
2,2,0,
1,1,0,
1,2,0,0
5,2,,
5,2,0,
0,0,0,0
0,2,0,0
0,0,0,0
2,2,4,0
0,2,3,0
2,2,,
1,2,,
2,2,0,
0,1,0,0
2,1,0,
2,1,0,
5,2,0,0
1,1,0,0
2,2,5,3
2,2,,
3,2,0,
4,2,1,0
1,2,6,
2,2,0,0
2,1,0,
2,4,5,
0,2,,
1,2,0,0
2,2,0,
0,2,0,0
4,2,2,2
2,2,0,
3,2,2,
0,2,1,0
2,2,12,0
2,2,0,
6,3,114,
1,2,,
0,2,0,0
2,2,0,
2,2,2,
6,1,0,0
6,1,4,0
2,4,41,16
2,3,4,
2,2,0,0
2,2,0,
2,2,3,
1,1,0,0
2,2,0,0
2,3,17,
0,0,0,0
0,0,0,0
1,2,0,0
5,2,2,
2,3,9,0
4,1,0,0
2,2,0,
1,1,0,
2,2,0,
4,2,0,0
0,2,0,0
2,2,0,
2,2,3,0
1,2,,
2,1,0,
1,1,,
2,2,0,
2,2,0,
2,2,0,
1,1,0,
2,2,0,
0,1,0,0
6,2,0,0
2,3,,
4,2,0,0
2,2,2,
1,2,,
1,2,0,
0,0,0,0
2,2,0,
4,1,0,0
2,2,7,
2,2,4,
2,2,0,0
2,2,0,
2,3,13,
2,2,0,
1,2,0,
1,2,0,0
4,3,0,0
4,1,7,3
2,2,1,
1,1,0,0
6,2,4,0
2,1,0,
0,2,0,2
0,2,0,
2,2,0,0
4,1,0,0
5,2,,
0,2,0,0
2,2,3,
1,3,0,0
5,2,0,
2,2,0,
2,1,0,0
0,0,0,0
1,1,0,0
2,2,0,
1,2,0,0
4,2,4,2
2,2,0,0
2,2,0,
2,1,0,0
2,2,5,
2,2,0,0
0,0,0,0
2,2,0,
5,2,,
5,2,1,
0,0,0,0
4,2,,
1,2,,
0,0,0,0
2,2,0,
2,2,0,
1,3,0,0
0,2,0,0
0,0,0,0
4,2,0,
1,2,0,
2,2,,
2,2,2,
1,2,0,1
2,1,0,0
4,1,1,0
2,1,0,
2,2,,
2,2,20,20
2,2,0,
6,2,0,0
1,2,0,
2,2,5,3
2,1,0,
0,0,0,0
1,2,7,0
6,2,3,1
1,2,0,
2,1,0,
2,2,,
1,2,,
6,0,0,0
0,2,0,3
2,2,0,
5,2,2,
0,0,0,0
2,2,0,
1,2,0,0
2,2,0,
2,2,0,0
2,2,1,
6,2,0,0
0,0,0,0
0,0,0,0
6,1,0,
2,2,1,
2,1,0,
2,1,0,
2,2,0,
1,2,,
1,2,,
2,3,2,0
2,2,2,
0,0,0,0
2,2,0,
0,0,0,0
2,2,0,
1,2,3,
2,2,0,
2,2,0,
0,0,0,0
1,2,,
1,2,,
0,2,0,0
1,2,0,
2,2,0,
2,2,4,
5,2,0,
1,2,10,10
2,2,0,
1,2,3,0
2,3,14,0
2,2,0,0
2,2,5,0
1,1,0,
6,1,0,0
1,2,1,
4,2,0,0
1,1,0,0
0,0,0,0
0,0,0,0
5,2,2,
1,2,,
5,2,1,0
1,2,5,0
2,2,0,
4,2,,
1,2,,
0,2,,
4,3,0,0
1,3,,
5,2,3,
6,2,1,0
4,2,0,0
5,3,3,0
1,2,0,0
2,1,0,
5,2,1,
2,2,0,
1,2,9,
2,2,,
2,1,0,
1,4,14,6
6,2,6,
6,2,1,5
2,2,0,
0,0,0,0
2,1,0,0
1,1,0,0
2,1,0,0
2,2,0,
1,2,4,0
2,2,1,
1,2,0,0
1,2,,
2,1,0,
2,2,2,
2,2,7,0
1,2,30,
1,1,0,
2,3,20,
2,2,0,
4,2,1,3
1,2,1,
2,1,0,0
6,2,0,
0,0,0,0
0,1,0,0
2,2,0,
1,2,0,0
2,2,0,
2,1,,
2,2,,
4,2,4,0
4,2,2,0
2,1,0,
2,2,0,
1,1,0,0
1,1,0,0
0,1,0,0
1,1,0,0
2,1,0,1
2,2,0,
1,2,0,0
2,2,,
2,2,,
5,1,0,0
1,1,0,0
6,1,0,
2,3,,
2,2,2,
2,1,0,
1,2,,
2,2,0,0
2,2,,
2,2,0,
2,2,0,
1,2,2,
6,1,0,0
2,2,0,
0,0,0,0
1,1,0,0
2,2,0,
1,2,0,
2,1,0,
0,0,0,0
2,1,0,0
1,1,0,
0,1,0,
2,2,5,
2,1,0,
5,2,13,0
2,2,4,
0,0,0,0
1,2,,
1,2,,
1,2,0,
1,2,1,
0,1,0,0
2,1,0,
2,1,0,
6,1,1,0
5,2,0,
4,2,0,
1,2,0,2
5,2,0,
2,2,1,
0,2,0,0
4,2,0,0
1,2,,
2,2,0,3
6,1,0,0
2,2,,
0,0,0,0
1,1,,
4,2,0,0
2,2,0,0
1,2,31,
2,2,0,
1,2,0,
2,1,0,
2,4,32,
2,1,0,
2,2,0,
1,2,1,
2,2,2,
0,1,0,0
0,1,0,0
0,0,0,0
0,0,0,0
0,1,0,0
6,3,250,0
2,1,0,
1,1,0,0
2,2,0,
0,1,0,0
6,2,0,0
2,2,7,
1,2,1,
2,3,42,
2,3,35,0
0,2,0,4
2,2,3,0
2,2,0,
0,0,0,0
2,2,0,
2,3,0,
2,1,0,0
2,2,,
2,2,,
2,3,72,0
2,2,0,
2,2,1,
1,2,0,0
1,1,0,0
2,2,7,0
2,2,0,
1,2,2,
1,2,0,
2,1,,
2,0,0,0
4,1,0,0
6,3,0,0
2,2,2,0
2,2,3,
6,2,1,
0,0,0,0
2,1,4,
2,1,0,0
2,2,,2
0,2,0,0
2,2,2,
2,2,0,
1,2,,
0,2,0,0
2,1,0,0
2,2,4,
2,2,0,
2,1,0,
0,0,0,0
1,1,0,0
0,0,0,0
1,2,,
2,2,0,
2,2,0,
1,4,5,
4,3,3,0
0,1,0,0
0,2,0,0
2,2,0,
6,2,0,0
6,2,5,0
2,2,2,
0,2,0,2
2,3,31,
1,2,,
0,2,0,0
4,2,,
2,1,0,
1,2,1,0
0,1,0,0
2,2,0,
1,2,2,
1,3,8,
1,2,,
0,1,0,0
6,2,0,0
2,2,0,
5,2,0,
2,2,7,0
1,1,0,
0,3,0,0
2,2,7,4
0,1,0,
2,2,0,
2,2,0,0
1,2,,
1,2,,
0,2,0,0
2,1,0,0
3,4,101,0
2,2,0,
1,1,0,
1,2,,
2,2,0,
2,2,0,
1,3,70,100
2,2,0,
5,2,,
6,2,3,
1,3,13,
2,2,,
6,2,0,0
4,1,1,0
1,2,3,0
2,2,,
1,2,6,0
1,2,,
2,2,0,0
4,2,0,
0,0,0,0
2,2,1,
5,2,0,
2,2,0,
2,2,4,
1,2,,
2,1,0,
0,0,0,0
2,2,0,
1,2,1,
2,2,0,
0,0,0,0
1,2,,
2,2,0,
2,1,0,0
4,2,,
2,2,10,
2,2,14,2
6,2,1,20
2,2,0,0
2,1,,
6,3,0,0
0,0,0,0
4,2,,
1,3,,
2,3,0,
1,1,0,0
2,3,6,
2,2,0,0
0,2,0,0
2,1,0,9
4,1,0,0
5,2,13,
2,1,0,0
1,1,0,1
6,1,0,0
0,2,,
1,2,,
2,2,0,0
2,2,0,
2,3,,
4,2,0,0
2,3,0,0
5,1,0,0
2,2,0,
4,2,0,0
2,2,0,
2,2,0,
2,2,0,
5,2,1,
5,2,3,
1,1,0,0
1,2,0,0
2,1,0,
2,3,8,
4,2,0,0
2,3,3,
2,2,0,
2,2,5,
2,1,0,3
0,2,4,0
2,2,,
1,2,,
5,2,1,
6,2,0,0
0,2,0,0
2,2,0,0
6,2,0,
2,2,0,
1,2,0,0
1,3,,
2,2,,
0,1,0,0
2,2,3,
0,0,0,0
5,2,0,
1,2,0,0
1,3,7,
0,0,0,0
5,1,1,
2,2,1,
1,2,0,1
0,2,6,
3,2,8,
2,2,0,
1,1,,
0,0,0,0
2,2,,
2,1,,
1,1,0,0
2,2,0,
2,2,,
2,2,0,
5,2,,
1,2,0,
0,0,0,0
0,1,0,0
2,2,0,0
2,2,5,0
5,2,0,
0,0,0,0
2,2,0,
2,2,0,0
4,2,0,0
6,2,0,0
2,2,9,
2,2,,
0,2,0,0
1,2,1,0
2,1,0,
0,0,0,0
1,1,,
2,2,2,
0,0,0,0
4,1,0,0
1,2,,
1,1,0,0
2,3,0,
0,2,,
6,2,2,
2,1,1,
4,2,0,0
1,1,,
2,1,0,
2,2,0,0
5,2,0,
1,2,0,0
6,2,1,0
2,2,,
1,1,0,
2,2,0,
5,3,4,
6,2,,
2,2,0,
1,2,0,0
2,2,1,
2,2,1,0
2,2,3,
1,2,0,0
0,2,1,
4,1,0,0
0,1,0,0
2,2,0,
2,2,5,
2,2,,
0,1,0,0
2,2,0,0
0,2,0,0
0,1,0,0
0,0,0,0
0,2,0,0
0,1,0,0
0,1,1,0
1,1,0,
6,2,0,0
1,1,0,0
0,0,0,0
4,2,0,0
3,1,0,0
0,1,0,0
1,1,0,
1,2,0,0
5,3,0,0
2,2,0,0
2,2,1,
1,2,3,
2,1,0,
1,1,0,
1,2,,
6,1,3,0
2,2,0,
4,2,0,0
1,2,0,
2,2,0,
2,1,0,
5,3,15,
4,2,0,0
1,1,0,
0,1,0,0
2,2,12,
3,2,0,0
2,2,1,
2,2,0,
5,2,12,
1,2,0,0
2,2,0,0
2,1,0,
2,2,1,
1,2,31,1
4,1,0,0
2,2,0,
2,2,0,
1,2,,
6,0,4,1
2,2,2,1
2,4,312,
1,0,0,0
2,2,0,0
1,1,0,0
5,2,2,
0,2,0,0
0,1,0,0
2,2,2,
1,2,,
2,2,2,
6,1,3,0
1,2,,
2,2,0,
2,2,1,
2,2,,
2,2,0,0
2,1,0,
2,2,,
2,2,0,
2,2,64,4
2,2,,
2,2,0,
4,1,0,0
3,2,,
1,2,1,0
4,1,4,0
2,2,14,10
2,2,0,
1,2,,
1,2,0,0
2,1,0,
2,2,0,
2,2,0,2
2,2,4,
1,2,1,
1,2,0,
5,2,0,
4,2,0,0
2,2,0,0
1,2,5,
2,2,5,
6,1,1,5
4,1,2,0
1,2,2,
2,3,1,
1,2,0,0
2,2,0,
2,2,0,
2,2,0,1
3,1,0,0
6,2,0,0
2,2,0,
0,0,0,0
2,2,0,
2,2,9,
1,3,,
1,2,,
2,2,,
4,3,24,
2,2,0,
2,2,1,1
2,2,,
2,2,0,
2,2,3,4
0,1,0,0
2,2,0,
2,2,1,
0,0,0,0
6,2,0,0
5,2,11,
2,2,,
2,2,0,
4,2,,
0,0,0,0
2,2,0,
1,1,0,
2,2,0,
3,2,,
1,2,0,
5,2,0,
2,2,0,
2,2,,
1,1,0,0
2,1,0,
2,2,5,
1,2,0,
2,2,,
0,0,0,0
0,0,0,0
1,2,,
2,1,0,
1,1,,
2,2,7,
2,2,2,
2,2,2,
1,1,0,
0,2,2,0
2,1,0,0
2,2,,
2,1,0,0
2,2,0,0
2,1,0,0
1,2,,
2,2,4,
2,2,0,
3,1,1,0
6,2,0,0
6,3,12,
0,1,0,
1,2,0,
4,2,0,0
0,0,0,0
2,1,0,
2,2,0,
5,2,4,
1,1,0,0
2,2,0,
5,2,1,
2,2,0,
2,2,0,
5,3,25,0
6,2,2,1
1,2,,
2,3,2,
2,2,,
2,2,3,
5,3,,
2,2,3,0
1,2,,
1,2,0,
2,2,0,
5,2,2,
2,0,0,2
2,2,0,
1,2,,
2,2,0,0
0,1,0,0
1,1,0,
1,2,,
5,2,0,
2,2,,
2,1,0,0
2,1,0,
0,2,0,0
2,2,,
5,3,0,0
2,2,0,0
0,2,5,1
1,2,6,
0,0,0,0
4,3,21,0
2,2,0,
2,1,3,0
2,2,0,
2,2,0,0
0,1,0,0
6,2,5,0
5,2,3,
5,2,5,0
1,2,1,0
1,2,,
1,3,,
1,2,4,5
0,2,,
1,2,,
2,2,1,
2,2,3,
1,1,10,5
2,2,,
0,2,2,0
0,3,0,0
2,2,0,1
6,1,2,0
2,1,3,1
2,2,5,0
2,1,0,0
2,1,0,0
1,2,,
3,2,,
0,2,0,
1,2,,
2,3,0,
2,2,,
3,2,,
2,1,0,0
0,1,0,0
2,2,,
1,2,1,
0,2,,
2,2,0,
0,0,0,0
0,2,0,0
0,1,0,0
1,1,0,
2,2,3,
2,2,0,
2,2,5,
0,0,0,0
0,0,0,0
0,0,0,0
2,2,0,0
2,2,0,0
2,3,7,0
0,1,,
0,1,0,0
2,2,0,
1,2,0,0
2,2,0,
5,2,,
2,2,4,
0,1,0,0
0,0,0,0
2,2,1,
2,2,,
4,3,71,0
0,1,0,0
1,2,0,0
1,2,15,
2,2,5,
2,2,,
5,2,0,
5,2,1,
6,2,5,1
2,2,0,
1,2,0,
4,2,0,0
0,0,0,0
5,2,4,
4,2,5,1
2,2,2,
1,2,0,0
0,2,1,0
0,0,0,0
1,2,2,
4,2,1,
2,1,0,
4,2,4,4
1,1,0,0
1,1,,
2,2,,
2,2,0,0
0,2,2,0
0,1,0,0
1,3,,
1,3,0,2
5,2,0,
2,2,0,
2,2,0,
2,2,0,
0,2,5,
2,2,6,
2,3,41,
2,2,0,0
2,2,0,0
0,3,0,0
2,2,6,
2,2,0,
2,2,3,4
2,2,0,
1,2,,
0,2,0,0
2,2,0,
2,1,0,0
1,1,0,0
1,2,0,
1,1,0,0
2,2,0,
0,0,0,0
5,2,0,0
4,3,0,0
5,2,0,0
2,2,9,
1,2,0,0
2,2,4,3
0,0,0,0
1,2,0,0
2,2,,
0,0,0,0
1,1,0,0
6,1,0,0
1,1,0,0
6,2,25,
0,3,0,0
2,2,2,
2,1,0,
1,2,1,
2,1,0,0
2,2,8,
2,2,0,
4,2,,
0,0,0,0
1,1,0,
2,3,9,
2,2,0,
2,1,0,
2,1,0,0
0,0,0,0
2,2,,
3,2,0,0
6,2,2,8
6,2,0,0
1,2,,
1,2,0,
2,2,0,0
0,1,0,0
0,0,0,0
2,2,0,0
2,2,0,
1,2,,
0,2,0,0
5,2,,
2,2,0,
1,2,,
0,2,0,0
2,2,,
2,3,3,
1,2,0,
2,2,0,
1,2,0,
3,1,0,3
2,2,,
2,1,0,0
2,2,,
1,1,0,
2,4,378,
2,2,,
2,2,0,
2,2,0,
2,2,0,
1,2,0,0
1,2,0,0
2,1,0,
1,1,0,0
2,2,0,
2,1,0,
2,2,0,
2,1,,
0,0,0,0
2,2,0,0
1,2,,
2,2,0,
2,2,0,
1,2,0,0
2,2,,
2,3,0,0
1,2,0,
0,0,0,0
1,2,,
0,1,0,0
2,2,0,
4,2,0,
1,1,,
2,1,,
4,1,0,0
2,1,0,0
2,2,7,1
4,1,0,0
2,1,,
2,2,0,
2,2,0,
0,0,0,0
2,2,,
5,3,13,
1,3,14,
1,2,0,
1,2,,
1,2,0,0
0,2,0,0
6,2,0,0
4,3,0,0
6,2,0,
1,2,,
1,2,6,
2,2,0,
2,2,0,
2,2,0,
2,2,0,
1,2,,
2,2,1,
2,2,0,0
0,0,0,0
5,2,,
2,2,0,0
2,2,0,
2,1,0,
2,2,0,0
2,2,3,
2,3,2,0
4,2,2,3
2,2,0,
2,1,0,0
2,3,10,
2,2,0,
2,1,0,0
3,2,1,
2,2,1,0
2,1,0,0
0,0,0,0
1,3,23,
1,1,0,
1,2,2,
0,0,0,0
0,0,0,0
2,2,0,
2,2,6,
6,2,0,0
2,2,0,
2,2,,
1,2,,
2,2,0,
3,1,0,0
2,3,13,
1,2,2,1
2,2,,
4,2,0,0
0,0,0,0
0,2,0,0
0,0,0,0
0,2,0,0
2,2,,
0,3,0,0
2,2,0,
1,2,,
0,2,0,0
1,1,0,0
1,2,0,0
2,3,0,0
1,1,0,0
2,2,4,
2,2,7,
4,2,3,0
2,2,0,
1,2,0,
2,1,0,
2,2,0,0
1,2,0,0
2,2,0,
1,1,0,
1,2,6,2
2,2,0,
1,3,1,
2,1,0,
2,2,0,
2,2,0,
4,1,0,0
2,3,0,0
2,2,0,
2,2,0,0
2,2,0,0
1,2,0,
0,1,0,0
2,3,0,0
1,2,,
0,2,0,0
2,3,4,
2,2,0,
5,2,6,
2,2,0,
0,0,0,0
6,2,2,
1,2,0,
1,2,0,0
4,3,0,0
2,1,0,
2,2,0,
2,2,,
2,2,1,0
2,2,,
1,2,,
1,2,0,0
2,1,0,
2,2,0,
2,2,,
0,0,0,0
0,0,0,0
2,2,0,0
2,2,0,
2,2,0,
0,0,0,0
2,2,0,
0,0,0,0
2,1,0,
5,2,,
5,2,,
2,2,2,
1,2,0,
2,2,0,
2,2,,
2,2,0,0
2,1,0,
2,1,0,0
4,2,1,
2,2,0,0
5,2,2,
1,2,0,
2,2,0,
2,2,3,5
2,1,0,
0,0,0,0
1,2,40,
0,0,0,0
1,2,8,
2,1,0,
1,2,0,
1,1,0,
2,2,0,
1,2,14,
2,2,,
2,1,0,0
2,2,0,
2,2,0,0
1,2,,
2,2,0,
1,2,0,0
0,2,5,7
2,2,0,
2,2,0,
2,2,0,
2,3,,
1,2,,
1,2,,
0,0,0,0
2,2,0,
1,1,0,0
2,1,0,0
2,2,3,0
2,2,0,
1,2,0,0
0,0,0,0
6,3,200,
4,1,0,0
0,0,0,0
2,2,6,
2,2,8,
3,2,0,
2,2,,
0,2,0,0
0,0,0,0
0,0,0,0
2,2,0,
1,2,,
0,2,,
2,2,0,0
2,2,0,
1,1,4,0
2,2,0,
4,2,0,0
2,3,5,
2,1,0,
1,2,,
3,2,0,
2,2,0,
2,2,,
0,0,0,0
4,2,0,0
2,2,,
2,1,0,
1,2,18,
2,1,0,
0,2,4,15
2,3,,
5,1,0,0
2,2,0,
1,1,1,0
2,2,0,
1,2,2,0
5,2,0,0
1,2,,
2,2,0,
6,2,0,0
2,2,0,
5,2,3,
1,1,0,
0,0,0,0
0,0,0,0
2,2,0,0
1,1,2,0
2,2,8,
2,2,0,
0,0,0,0
2,2,0,
1,2,,
1,2,9,
0,3,2,0
1,1,0,0
2,2,7,
0,0,0,0
1,2,,
2,2,,
2,2,0,
1,1,,
2,2,,
2,2,0,
5,3,85,
2,4,54,
6,3,18,
2,2,0,0
2,2,0,0
2,2,,
4,1,0,0
1,2,1,
2,1,0,0
2,2,,
2,1,0,0
3,2,1,0
2,2,0,
4,1,0,
5,2,,
1,1,,
1,1,0,0
4,1,3,0
2,2,0,
2,2,0,0
1,2,0,0
1,1,0,
1,1,10,6
3,1,0,
0,2,,
0,0,0,0
2,3,11,0
6,2,1,0
0,1,1,3
2,2,0,
2,2,0,
2,2,0,
1,2,0,0
1,2,,
2,2,1,
2,2,,
2,3,7,
1,1,2,1
2,2,8,
2,2,0,
0,1,0,0
2,1,1,0
2,1,,
2,2,0,
2,2,0,
2,1,0,
1,1,0,0
0,1,0,0
2,2,0,
1,2,0,
0,0,0,0
2,3,6,
2,1,0,
5,2,0,0
2,2,0,0
0,0,0,0
0,2,10,54
2,2,,
2,2,0,
2,2,,
2,2,0,
0,0,0,0
2,2,4,0
0,0,0,0
0,0,0,0
0,1,,
5,2,6,0
2,2,1,
0,2,2,1
0,2,0,
2,2,4,
4,2,1,
2,1,0,
2,2,,
4,2,0,0
2,1,0,
2,2,0,
2,2,4,
2,2,1,
2,2,0,0
2,2,0,
2,2,0,
1,1,0,0
2,2,0,
2,0,0,0
0,2,0,
0,2,0,0
2,1,0,0
2,1,0,0
1,1,0,
2,2,1,
1,2,,
1,2,,
1,1,0,0
0,1,0,
2,2,6,2
6,1,3,0
2,2,0,
2,2,0,
2,3,,
2,1,0,
0,3,4,0
1,2,,
1,2,,
1,2,1,
0,2,0,
1,2,,
2,2,0,
2,2,0,
0,0,0,0
6,3,0,0
0,0,0,0
1,2,0,0
2,1,0,0
2,2,0,
1,1,,
5,1,0,
2,3,0,
4,2,2,5
4,2,0,0
1,1,0,
2,3,3,
2,2,0,
1,2,1,
1,2,14,0
2,2,5,0
0,2,0,
2,1,0,
2,2,1,
2,2,0,
2,2,0,
2,2,2,
2,2,0,
0,2,0,0
0,0,0,0
2,2,0,
4,2,0,0
2,2,0,
2,2,19,
0,0,0,0
2,2,4,
2,2,0,
1,1,0,
2,2,2,
2,2,0,
2,2,0,0
0,0,0,0
2,2,0,
1,2,,
2,2,2,
0,3,69,16
6,2,10,3
0,2,0,0
2,2,0,
2,2,0,0
2,2,1,
2,2,0,
0,0,0,0
1,2,2,
0,0,0,0
1,2,,
1,2,1,
2,2,0,
2,2,2,
1,2,0,1
4,2,4,
2,1,0,
2,2,0,
2,2,0,1
2,0,1,0
2,2,0,
2,2,0,0
2,2,0,
4,1,0,0
2,2,0,0
0,0,0,0
2,3,16,
0,2,0,0
2,2,0,0
0,0,0,0
2,3,,
5,2,0,
2,2,4,
1,2,0,
2,2,3,
2,2,10,
5,2,0,
0,0,0,0
2,2,7,0
2,2,0,
1,2,5,
1,2,,
1,2,1,2
0,0,0,0
0,2,0,0
2,0,0,0
5,2,100,0
2,2,,
2,2,2,
2,2,0,
1,2,,
1,2,0,0
2,2,0,0
3,1,2,0
0,1,0,0
2,2,0,
2,2,0,0
1,1,0,
2,2,,
4,2,0,
2,1,0,
1,1,0,0
2,3,,
1,1,0,0
0,0,0,0
4,2,0,
2,2,0,
2,2,0,
2,1,0,
2,2,0,0
2,1,0,
2,1,0,0
2,2,0,
4,2,0,0
6,2,,
4,2,2,
4,5,103,3
1,2,20,
0,2,0,0
2,2,0,
1,3,2,
1,2,0,
2,2,4,10
2,2,0,
2,2,1,
0,1,0,0
2,2,0,
2,2,0,
2,2,5,
2,2,1,
5,2,6,
1,2,13,
5,2,26,
5,2,0,
1,2,,
2,1,0,
2,2,0,
2,1,0,0
2,2,,
0,0,0,0
1,3,,
5,2,0,
2,2,0,
1,2,2,
2,2,,
2,2,0,
2,2,0,
1,2,,
2,2,,
1,1,0,0
0,0,0,0
2,2,,
0,0,0,0
2,2,0,
1,1,0,0
0,2,0,0
2,2,0,
6,1,0,0
2,2,0,
2,2,0,
5,2,,
2,2,0,
1,2,,
1,3,,
0,0,0,0
2,1,9,0
2,3,16,
2,2,,
2,4,0,
0,2,0,0
2,2,0,
2,1,0,0
5,2,0,
6,1,0,0
1,1,3,0
2,2,,
0,0,0,0
4,2,0,0
2,2,0,0
0,0,0,0
2,1,0,0
4,2,14,
2,2,12,
2,2,,
1,1,,
2,2,0,
1,2,,
1,2,,
2,2,3,
2,2,,
2,4,3,
0,0,0,0
1,2,2,
1,2,,
2,3,0,0
1,2,0,0
0,2,6,0
2,2,0,
2,2,0,
2,2,7,2
6,1,0,0
1,1,0,0
1,3,3,
1,3,7,
2,2,0,
2,3,14,
2,2,0,
2,2,3,
2,1,0,
0,0,0,0
0,2,0,0
2,2,2,
0,0,0,0
2,2,0,
0,0,0,0
1,1,0,
2,1,0,0
2,1,0,0
2,2,0,0
4,2,0,0
5,2,2,
1,2,,
2,2,0,
2,2,0,
0,0,0,0
2,2,9,
5,2,2,
2,2,0,
1,2,,
6,2,2,0
0,0,0,0
2,2,0,0
6,2,6,0
2,2,1,0
1,1,0,
2,2,,
2,2,,
1,1,0,
2,2,3,
1,2,,
1,2,1,
2,4,0,
1,2,0,
6,2,0,0
5,2,0,
1,2,1,0
2,1,0,0
4,1,0,0
4,1,1,0
2,2,1,
3,2,0,0
2,1,0,0
4,2,0,0
2,2,0,
2,2,0,
0,2,0,0
5,2,2,
2,2,0,
1,1,0,
0,2,0,0
2,2,2,
5,2,0,
2,2,0,
4,3,2,2
6,2,5,
2,3,6,
2,3,3,
4,1,0,0
1,2,,
1,1,0,
2,1,0,
2,2,,
0,2,,
2,2,1,
2,2,,
0,0,0,0
4,2,,
2,2,0,
2,2,6,
2,1,0,0
2,2,0,
2,1,0,
5,2,11,
1,2,0,0
2,2,0,
2,3,27,
1,2,5,
3,2,3,
1,2,,
1,2,,
0,2,0,0
2,2,0,
1,1,0,0
1,2,,
2,1,,
2,2,0,0
5,2,1,
2,2,0,
2,1,0,
1,2,1,
2,2,3,
2,2,3,2
1,2,,
1,1,,
2,1,0,
2,2,0,
0,0,0,0
2,4,,
1,1,0,
4,2,0,0
0,0,0,0
0,0,0,0
2,2,0,
2,2,0,
2,2,12,0
0,3,0,0
2,2,0,
1,3,10,17
2,2,0,
2,1,0,
1,1,0,0
1,1,0,
0,0,0,0
6,2,0,0
2,2,0,
0,2,0,0
2,2,2,
2,2,0,
2,2,2,
2,1,0,
1,2,0,
1,2,0,
2,2,1,
1,1,,
2,2,0,
2,2,0,
1,2,0,0
1,2,0,0
2,2,0,
2,2,0,
1,1,0,
0,0,0,0
2,2,0,
2,2,,
2,2,4,
4,2,,
5,2,,
6,1,0,
1,1,,
2,2,0,0
1,2,,
1,2,0,
1,2,,
1,1,0,0
2,2,3,2
2,2,,
1,2,2,
2,2,0,
5,2,12,
1,2,,
2,3,0,
2,2,0,0
2,2,0,
6,2,0,0
2,2,0,
2,2,0,
1,1,0,0
5,2,1,
2,2,0,
2,2,0,
4,2,0,0
2,2,0,
2,2,0,
2,3,14,
1,2,0,0
4,2,0,0
1,2,2,
0,0,0,0
2,2,0,
2,1,0,
2,2,5,2
1,2,2,
2,2,0,
2,2,0,
1,4,5,
1,1,0,0
2,1,0,
4,2,0,0
5,2,3,
2,1,0,
6,2,0,
0,1,0,0
0,0,0,0
5,1,1,0
2,1,0,
2,2,,
2,1,0,
2,1,,
2,2,0,
2,3,0,0
2,3,,
2,1,0,0
2,2,0,0
6,2,2,0
2,2,0,
0,0,0,0
1,2,,
1,2,,
6,1,0,0
5,2,3,7
6,1,0,0
4,1,0,
0,2,1,0
0,0,0,0
1,2,,
2,3,0,0
2,2,,
1,2,0,0
0,1,0,
2,2,,
2,1,0,0
2,1,0,0
5,2,3,
0,0,0,0
2,2,4,
2,2,,
2,2,0,
0,2,7,0
5,2,14,
2,2,0,
2,2,0,
5,2,,
2,2,2,
2,2,,
2,2,0,
2,2,0,
2,2,0,
0,0,0,0
1,1,3,0
0,1,0,0
2,2,0,
3,2,6,13
1,3,,
0,2,0,0
2,2,0,
0,2,0,0
1,2,,
1,2,0,0
0,2,0,0
1,2,0,0
2,2,0,
1,2,0,
2,2,,
2,2,2,
2,2,0,0
1,2,,
0,2,0,
0,2,0,0
5,2,0,
2,1,0,
4,2,0,0
6,1,0,
2,3,1,
5,2,3,
1,3,11,
2,1,2,0
2,2,0,
0,0,0,0
1,2,11,19
2,3,,
0,2,0,0
2,1,0,0
4,1,0,0
4,2,3,0
2,2,,
6,2,0,0
1,2,2,
6,2,4,
1,2,0,0
2,3,18,
1,2,,
2,2,,1
2,2,9,
2,1,0,
0,2,0,0
2,1,0,
2,2,2,
2,4,0,
2,2,10,
1,2,0,0
2,2,0,
0,2,0,0
2,2,0,0
4,2,12,28
2,2,0,0
1,2,0,
2,2,0,
0,2,0,
2,2,0,
2,1,0,1
2,2,0,
0,2,4,5
6,2,0,0
2,2,0,
0,0,0,0
1,2,,
2,2,,
4,2,0,0
6,3,0,0
1,2,0,0
4,1,8,1
2,2,1,
0,0,0,0
6,2,0,0
2,2,1,0
2,2,0,
2,2,,
2,2,,
1,2,0,
0,0,0,0
2,2,5,0
2,2,,
4,2,0,
0,1,0,0
0,2,0,0
2,2,0,
2,2,0,
2,2,4,2
4,1,0,0
4,2,,
5,1,4,0
0,0,0,0
2,4,,
2,2,6,
2,2,5,
4,1,0,0
0,1,0,0
0,2,4,1
2,2,0,
1,1,0,
5,1,0,
4,1,0,0
2,2,5,8
2,2,0,0
1,2,,
5,2,0,
0,0,0,0
2,2,0,
1,2,0,0
2,1,0,0
1,2,0,
2,2,10,
6,1,0,0
1,2,,
0,2,0,0
2,3,0,0
2,1,0,
0,0,0,0
1,2,,
2,2,0,0
2,2,,
1,1,0,
1,2,,
1,2,0,
4,2,0,
0,0,0,0
2,2,0,
2,2,0,
6,1,1,1
2,2,6,
1,1,0,0
5,2,5,
0,2,0,0
2,2,0,
5,2,0,
1,2,2,
2,2,0,
5,2,0,
2,2,0,
2,3,3,0
2,2,3,0
2,2,,
2,2,0,
0,1,0,0
2,2,5,
2,1,0,
0,0,0,0
2,3,12,2
0,0,0,0
0,1,0,0
2,2,7,
2,2,0,
1,2,,
5,2,0,
2,4,3,
1,2,,
6,1,,
2,2,0,
2,1,0,
2,2,2,
1,2,280,0
2,1,0,
2,1,0,
2,1,0,
0,1,,
5,2,,
5,2,,
0,0,0,0
2,1,0,0
0,2,2,2
1,2,3,
5,2,,
6,2,1,2
4,1,0,0
2,1,,
2,3,19,
1,2,0,
5,1,0,0
2,2,,
4,2,0,0
0,1,0,0
2,2,4,3
6,2,0,0
0,2,0,0
5,2,0,
4,2,0,3
1,1,0,
1,1,,
1,2,0,0
1,2,0,0
0,2,2,0
2,2,3,
2,2,0,
4,3,0,0
2,2,0,
1,2,,
6,2,1,0
4,1,1,0
0,0,0,0
4,2,2,1
2,2,0,
0,0,0,0
1,1,0,0
4,2,0,0
2,2,0,0
2,2,0,0
2,1,0,
2,2,0,
3,2,1,12
1,2,0,0
2,4,35,
2,2,0,
4,1,0,0
2,2,,
2,2,2,
5,2,,
0,0,0,0
3,1,1,0
0,1,0,1
1,2,0,
2,2,0,
1,2,,
0,2,1,
2,2,0,
1,1,0,
0,0,0,0
2,2,5,
1,2,2,11
2,2,0,
1,2,,
5,3,66,
2,2,0,0
2,2,0,
1,2,1,
2,2,,
2,1,0,
2,2,0,
2,3,3,
1,1,0,0
2,2,0,
2,2,0,
2,2,0,1
2,1,0,0
0,1,0,0
0,0,0,0
0,1,0,0
2,2,0,0
2,2,1,1
2,2,,
2,3,3,
2,1,0,
1,2,0,0
0,1,0,0
5,1,,
2,3,0,
2,2,,
0,1,0,0
2,2,0,
4,2,0,0
1,2,,
1,1,0,5
3,2,0,0
2,2,,
2,2,,
0,0,0,0
1,2,,
2,2,0,0
1,2,2,
2,2,0,
2,1,0,0
1,2,,
1,2,,
0,1,0,2
2,1,0,
4,1,0,
2,2,0,0
6,2,0,0
2,2,27,18
4,2,,
2,2,0,
2,1,0,
1,2,,
2,2,0,0
0,0,0,0
0,2,0,0
2,2,0,0
4,1,0,0
4,1,0,0
1,2,0,
5,2,4,
2,2,0,0
4,2,2,0
2,2,240,0
0,0,0,0
2,2,0,
0,2,0,0
0,2,0,0
6,2,0,0
2,2,,
2,2,0,1
2,1,1,3
1,2,0,
1,2,,
2,2,0,
1,1,0,
5,2,,
2,2,0,0
2,2,2,0
2,2,0,
2,2,0,0
2,2,3,
2,2,0,
0,2,1,0
2,2,0,
2,1,1,
0,2,0,0
2,2,0,
0,0,0,0
6,2,1,1
2,2,0,
1,1,,
2,1,0,
2,2,,
2,2,0,
4,2,4,9
1,2,,
2,2,,
2,1,0,
2,1,0,
1,1,0,0
5,2,,
2,2,4,
1,2,,
2,2,0,
3,2,0,
2,2,,
0,0,0,0
2,2,0,
2,2,0,0
1,2,,
0,0,0,0
6,1,4,5
0,0,0,0
6,2,0,0
0,1,0,2
6,2,0,0
2,2,0,
1,2,,
0,2,0,0
2,1,0,0
2,1,0,
2,2,0,0
0,0,0,0
2,2,,
1,3,,
2,2,0,
1,2,,
6,3,,
1,2,,
5,2,0,
5,2,5,
0,2,5,
0,0,0,0
2,2,2,
3,2,0,0
0,0,0,0
2,2,1,
2,2,1,
2,2,,
2,1,,
0,1,0,0
2,3,0,0
4,2,0,0
1,1,0,0
3,1,0,0
5,2,0,
6,2,0,0
2,1,0,0
1,2,7,
1,2,5,0
1,2,0,
2,2,1,
2,2,,
0,2,0,0
2,2,0,
2,2,0,1
2,2,,
2,2,0,
2,2,1,
0,2,0,0
2,2,0,0
4,2,0,0
5,2,26,
1,1,0,0
2,2,0,0
2,4,5000,
2,3,0,0
0,0,0,0
1,2,,
1,1,0,0
2,2,4,
1,2,4,0
1,1,0,0
0,0,0,0
4,2,0,0
1,1,,
1,1,0,0
2,3,0,0
2,2,0,
2,2,0,0
2,2,4,
0,2,1,0
4,2,0,0
1,2,0,0
2,2,0,
2,2,0,
2,2,0,
1,2,,
1,2,,
6,2,0,0
2,1,0,0
6,2,0,0
2,1,0,
2,2,0,
2,2,,
3,2,,
0,0,0,0
2,2,0,
2,3,32,
0,0,0,0
1,2,0,
0,0,0,0
2,2,0,
1,2,2,
1,1,0,0
1,2,1,
2,2,,
0,0,0,0
2,2,0,
0,1,0,
4,2,0,0
1,2,2,0
2,2,0,
2,2,0,
4,2,0,0
2,2,,
2,1,0,0
1,1,0,0
6,2,,
2,2,0,
0,2,0,0
2,2,0,
0,0,0,0
0,2,13,12
2,2,0,
2,2,3,
1,1,1,2
1,2,0,0
2,2,0,
1,3,6,
2,2,0,0
1,2,0,
2,2,1,1
2,1,0,
4,2,,
4,3,0,0
2,2,0,0
0,0,0,0
6,1,0,3
2,2,0,0
1,2,,
2,2,0,
2,2,,
2,2,0,
2,2,0,
0,2,0,0
2,2,,
0,0,0,0
2,2,0,
2,2,0,
1,2,1,
4,2,0,
0,0,0,0
2,2,0,
4,1,0,0
0,0,0,0
2,1,0,
1,1,0,
1,2,0,0
0,0,0,0
1,2,3,1
2,2,0,
4,1,3,0
1,3,37,
1,2,,
2,1,0,
0,0,0,0
2,1,0,
2,2,,
1,2,0,
2,2,0,
2,2,0,
0,2,0,0
2,2,0,
4,2,,
2,2,0,
2,2,0,
4,4,,
2,2,0,
2,2,,
2,1,0,
2,2,,
4,2,,
1,1,,
0,0,0,0
0,3,2,0
2,2,,
2,2,,
6,2,11,
0,2,0,
2,2,0,
2,2,0,0
2,3,0,
1,2,3,
1,2,7,26
5,2,1,1
2,1,0,0
2,1,0,
2,2,0,
0,0,0,0
1,2,,
2,1,0,
0,0,0,0
0,2,0,0
0,1,0,
1,2,0,
0,0,0,0
0,1,1,0
2,2,0,
4,2,0,0
1,2,0,0
1,2,0,0
0,2,0,0
0,0,0,0
1,1,0,0
2,1,0,0
2,2,0,
2,1,0,0
4,2,0,0
2,1,0,
3,3,37,0
2,1,0,0
5,4,3,1
2,2,1,
4,1,0,0
2,2,0,0
1,2,1,0
0,0,0,0
0,0,0,0
1,2,1,
2,3,4,
2,2,0,6
2,2,0,
5,2,0,0
1,2,0,
4,2,3,2
2,2,0,
2,2,0,
6,2,0,0
0,0,0,0
2,1,0,
3,2,0,
5,2,3,0
2,2,0,
5,3,,
2,2,0,
5,2,0,
0,2,0,0
1,2,0,0
1,1,,
2,2,,
2,0,12,0
2,2,0,
2,1,0,
6,3,0,0
2,1,0,0
2,2,0,
2,2,0,
2,2,4,9
0,0,0,0
0,2,0,0
2,1,0,0
2,1,0,
6,1,0,
0,0,2,0
2,2,0,
4,2,0,0
2,2,1,
2,2,0,
2,2,4,
2,2,0,
2,2,,
2,2,1,18
0,1,0,1
1,2,0,0
4,1,0,0
1,2,0,
2,2,1,3
5,2,7,
1,2,,
2,2,4,
2,2,0,
2,2,0,
0,2,0,0
1,2,,
2,2,0,1
1,2,4,
2,1,0,
2,2,0,
0,2,0,0
0,3,,
2,2,0,
2,2,,
0,2,1,0
1,2,,
6,1,0,0
0,0,0,0
4,3,1,0
4,4,2100,0
5,3,50,
1,2,,
1,3,,
0,0,0,0
5,2,0,0
0,2,,
2,2,0,0
2,2,0,0
0,0,0,0
1,2,0,
2,2,0,0
1,2,0,0
1,1,,
2,1,0,
2,1,0,
2,1,0,0
0,2,1,
2,2,,
0,0,0,0
0,1,0,0
0,0,0,0
5,2,0,0
1,2,0,0
2,2,8,0
2,2,0,
2,2,2,
2,1,0,0
2,2,6,
0,2,10,0
4,2,0,0
2,2,0,
0,0,0,0
2,2,0,
5,3,6,
2,1,0,
2,2,0,
2,3,1,
2,3,38,
0,0,0,0
0,1,0,0
1,2,,
1,2,5,
2,1,0,0
2,1,0,
0,0,0,0
6,1,0,0
0,2,1,1
2,2,0,
5,2,0,0
6,2,,
2,1,0,
2,2,0,
2,3,0,
2,2,5,
1,2,0,0
0,2,0,0
1,2,21,27
2,2,0,
2,2,0,
2,2,0,
0,3,104,100
2,2,0,4
2,1,0,
0,0,0,0
2,2,0,0
2,2,,
1,1,0,
5,2,0,
2,1,0,
2,2,6,1
2,1,0,0
4,2,,
0,2,0,
0,1,0,0
2,2,0,
0,0,0,0
2,2,0,
4,1,0,0
0,0,0,0
2,1,0,0
0,2,0,0
0,1,0,0
1,1,0,
1,1,0,0
2,2,2,0
2,2,1,
6,1,0,0
2,1,0,
4,2,0,0
2,2,0,
0,1,0,0
4,2,0,1
2,2,,
0,2,0,
2,2,0,
6,1,2,0
3,1,1,0
1,1,,
2,2,0,
2,2,0,
5,3,16,
0,2,0,0
2,1,0,0
2,2,,
1,1,,
0,0,0,0
1,2,0,0
2,2,3,
2,2,2,
2,2,0,
2,2,1,0
0,2,0,0
2,2,0,0
3,2,7,6
4,2,0,0
2,2,,
2,2,,
2,1,0,
1,2,0,0
2,3,3,
2,2,0,
0,2,1,5
4,1,1,0
2,3,13,
2,2,,
1,2,,
4,2,1,0
2,1,0,
0,2,0,0
1,2,0,0
2,2,0,
0,0,0,0
2,1,0,0
2,2,,
0,2,0,0
1,2,,
0,3,0,0
2,2,2,
1,1,2,0
1,2,,
2,3,0,
2,3,,
2,2,5,
1,3,4,
2,2,0,
5,2,0,
2,1,0,
6,2,3,
5,2,0,0
1,2,0,0
2,1,0,0
2,3,40,
1,2,1,
0,0,0,0
5,2,0,4
1,3,0,0
2,1,0,
4,2,1,0
2,1,0,0
1,1,,
2,2,0,0
2,2,0,
2,2,0,0
1,2,4,0
1,2,0,0
2,2,,
4,2,0,0
2,0,4,20
6,1,0,0
2,4,0,
2,4,19,
6,2,0,0
2,2,5,
2,2,1,
6,2,0,0
6,2,15,
1,2,0,0
2,1,0,
0,1,0,
1,2,,
4,2,0,0
0,0,0,0
2,2,0,
2,2,0,
5,3,6,2
1,1,0,0
4,2,0,0
1,1,0,1
1,2,1,
2,2,0,
2,1,0,
2,2,0,
1,2,0,
1,1,0,
1,1,,
2,2,0,
2,3,0,
1,3,,
2,1,0,
2,2,,
6,2,0,
2,4,44,
0,0,0,0
1,3,6,
0,4,0,
2,2,0,
0,0,0,0
1,3,34,
2,2,1,
1,1,0,0
5,2,,
2,2,0,
2,2,0,
1,1,0,0
2,2,,
2,2,0,
2,2,0,0
4,2,0,0
2,2,,
2,2,0,
1,2,,
5,2,0,
5,2,8,
1,2,,
2,2,0,
2,2,0,0
2,2,0,
4,2,17,
0,0,0,0
2,2,0,0
2,2,0,
4,3,174,52
1,2,,
2,2,1,
2,3,42,0
0,2,0,0
2,2,0,1
5,3,1,0
0,0,0,0
2,1,0,
6,0,0,0
0,2,,
5,2,9,
2,2,1,
0,0,0,0
2,1,0,0
2,2,0,
6,2,5,
0,2,0,0
2,2,0,
2,2,0,
4,1,0,0
1,1,0,
5,2,0,
1,2,,
2,2,,
2,2,0,
0,2,0,0
2,2,7,
2,2,4,
1,2,0,0
4,3,0,
2,2,0,
2,2,0,
6,1,0,0
2,2,2,
4,2,0,0
2,2,0,
2,1,0,0
6,2,0,0
2,1,0,0
1,3,12,
0,0,0,0
4,2,0,0
0,2,10,21
0,0,0,0
2,2,0,
0,0,0,0
0,2,0,0
2,2,0,0
2,2,0,
2,2,,
1,1,0,0
2,2,0,
5,3,,
1,3,,
2,2,,
1,2,5,
2,1,0,0
5,2,0,
1,2,,
0,0,0,0
2,2,0,
2,1,0,
2,2,0,
2,1,0,
1,2,,
0,2,0,
2,2,7,
2,1,0,0
2,2,,
0,0,0,0
2,1,,
2,2,0,
2,3,0,
2,3,0,
2,2,12,
0,0,0,0
0,0,0,0
0,0,0,0
2,2,3,
0,2,0,0
2,2,0,
1,2,2,
2,2,0,
2,2,,
2,2,,
2,3,6,1
1,2,,
0,2,0,
2,3,0,0
2,1,0,
2,2,0,
2,2,0,
0,0,0,0
0,2,0,0
1,1,0,
2,3,0,
0,1,0,0
0,2,2,
1,1,0,
1,3,,
0,2,0,0
0,2,,
2,1,0,0
2,2,0,
2,2,0,
2,2,,
0,1,0,0
2,2,0,
1,3,60,
0,0,0,0
5,3,27,0
2,2,,
2,2,,
0,0,0,0
2,2,2,
0,2,0,
1,2,0,
2,1,0,
2,2,2,
2,1,0,
1,2,0,
2,2,,
2,2,0,
2,2,1,
1,2,,
0,0,0,0
2,2,0,
2,1,0,0
6,1,0,
0,2,0,0
4,0,2,0
0,1,0,0
0,0,0,0
2,2,,
2,2,4,
2,3,5,3
1,2,0,
5,2,0,0
2,2,,
2,2,1,5
2,3,9,
2,2,,
2,2,0,0
5,3,1,
0,2,2,
1,4,,
2,1,0,2
3,2,0,0
2,1,0,
5,2,6,
1,1,0,
2,2,0,
2,2,,
0,1,,
1,1,0,0
5,2,1,0
1,1,0,
1,2,4,7
2,2,0,
2,2,0,0
5,2,0,0
6,2,0,
1,2,,
2,2,0,
1,2,4,2
2,3,8,1
2,2,1,
0,1,0,0
1,3,21,
0,0,0,0
2,2,0,
2,2,,
2,1,0,
2,1,0,
1,1,0,0
4,2,0,0
2,2,3,
0,0,0,0
1,1,1,1
1,2,,1
5,2,0,
1,1,0,0
5,2,0,0
0,2,0,
4,1,0,0
2,2,0,0
2,2,0,0
1,1,0,0
2,2,0,
5,2,0,
2,2,0,
0,0,0,0
0,1,0,0
2,2,,
1,2,9,0
5,2,0,
2,2,9,
2,2,,
2,2,0,
4,2,2,4
2,2,0,
1,1,0,0
2,1,0,
2,2,1,0
5,2,0,
2,2,0,
2,1,,
1,2,0,0
1,2,0,
2,2,,
2,2,,
2,2,3,
0,0,0,0
2,2,0,0
2,2,0,
4,1,0,0
1,1,0,0
0,1,0,0
1,1,0,
5,2,2,
2,2,,
2,2,0,
1,1,0,0
0,1,0,0
2,1,0,
2,2,0,
0,0,0,0
6,2,55,0
0,2,0,0
2,1,0,0
5,2,0,
2,2,1,
5,2,,
1,2,6,
1,2,4,0
2,3,10,
1,2,,
1,1,0,38
2,2,0,
1,2,,
0,0,0,0
1,2,0,
2,3,18,
2,3,11,0
2,1,0,
2,2,0,
2,2,0,
5,2,0,
2,2,0,
2,2,5,4
6,1,1,
2,2,0,
1,2,0,0
4,3,35,0
3,1,1,0
2,2,,
4,2,16,0
2,1,0,0
2,3,0,0
0,0,0,0
6,2,0,0
2,2,0,
2,2,,
2,3,45,
1,2,,
0,0,0,0
2,1,1,0
0,0,0,0
2,2,6,
2,2,0,
0,1,0,0
4,2,0,
3,2,0,0
2,3,,
6,2,0,0
1,2,0,0
0,0,0,0
5,4,,
1,2,1,
2,2,6,
1,2,8,
5,4,73,
1,2,4,
2,4,388,
2,2,0,
2,2,0,
1,2,1,0
0,2,5,0
6,2,0,0
1,2,,
2,2,0,
2,2,,
2,1,0,
5,2,2,
1,2,0,
1,2,,
2,1,0,
1,2,0,0
5,4,491,
6,1,0,
6,2,0,0
2,2,0,
2,2,0,
2,2,0,
2,2,0,
2,2,0,
2,2,0,2
3,2,2,
2,2,2,
2,2,0,
0,0,0,0
4,2,0,0
2,1,0,
0,1,0,0
2,2,4,
1,2,0,0
2,2,4,
2,2,1,
6,1,2,0
2,2,1,
0,2,0,0
2,1,0,
4,4,16,
2,1,0,0
1,2,0,
0,0,0,0
1,2,,
3,3,4,
2,2,,
2,2,0,
5,2,0,
5,2,3,
2,2,0,
4,1,0,
0,1,0,0
2,2,4,
1,1,,
2,2,0,
6,3,0,0
0,1,,
2,1,0,
2,2,0,
1,2,2,
2,2,0,0
2,1,0,
1,2,0,0
6,2,9,2
0,0,0,0
1,2,,
0,1,0,0
2,2,0,
1,2,1,
0,0,0,0
0,0,0,0
2,2,0,
2,2,0,
2,2,,
2,1,0,
1,1,0,
2,2,0,
2,2,4,
6,2,0,0
6,0,6,4
2,2,0,
0,1,0,0
2,3,,
2,2,,
2,2,4,7
5,2,0,0
2,2,3,
3,2,3,
0,0,0,0
0,2,0,1
2,3,24,
5,2,0,
1,2,0,0
1,2,,
4,2,,
4,2,0,
6,2,0,0
5,3,18,0
2,2,,
1,1,0,0
2,2,,
2,2,0,0
2,1,0,0
2,2,0,
4,2,0,
2,1,0,
2,2,0,
2,1,0,
2,1,0,
2,3,14,
1,4,,
2,2,0,0
2,2,0,
0,0,0,0
2,2,0,0
2,2,0,0
4,1,1,4
2,2,0,
1,2,3,
2,1,0,
2,1,0,
2,2,0,
5,2,0,
1,1,0,
2,2,0,
2,2,0,
5,2,11,
2,2,4,
1,2,,
2,1,0,0
2,2,,
2,2,8,
2,2,2,
1,3,2,
5,2,3,1
5,2,0,
2,2,3,
2,2,2,1
0,0,0,0
2,3,0,
1,2,0,
2,2,0,
1,1,0,0
5,2,0,2
4,1,0,0
0,2,0,0
0,2,10,8
2,2,0,
2,1,0,0
2,2,0,
2,2,0,
0,2,19,
0,1,1,0
1,1,0,0
6,2,0,0
5,2,0,
2,1,0,
2,2,0,
5,2,1,
2,3,17,
2,2,0,
0,0,0,0
4,2,0,0
5,2,,
1,2,,
1,1,0,1
4,4,109,
1,2,5,
4,1,0,0
0,0,0,0
4,2,0,0
2,2,,
4,2,0,0
0,2,1,3
1,2,0,0
2,2,2,
2,1,0,0
2,2,0,0
0,0,0,0
2,2,0,
2,2,3,
2,2,0,
2,2,0,
2,2,0,
5,2,13,
4,2,0,0
5,2,1,0
2,2,0,
1,1,0,0
2,2,0,
0,0,0,0
2,2,0,
0,0,0,0
2,2,3,
2,1,0,
0,2,,
2,2,0,
2,2,0,
1,2,0,0
4,3,14,0
1,2,,
2,3,1,225
6,4,83,
6,2,2,
6,1,0,0
2,2,0,0
2,2,0,
1,2,0,
0,1,0,0
2,1,0,
2,2,0,
2,3,7,
2,2,0,
0,2,0,0
0,1,0,0
2,3,3,0
1,2,1,0
1,2,,
2,2,1,
6,2,0,
2,2,4,
0,0,0,0
1,2,,
2,2,2,
4,2,17,0
1,2,0,0
2,2,4,
2,3,3,
1,2,,
1,2,,
6,1,0,0
2,1,0,
2,2,0,0
6,2,0,0
2,2,6,
2,2,0,
2,2,0,
2,1,,
1,2,,
2,2,0,
0,0,0,0
6,1,1,1
0,0,0,0
2,1,0,
2,2,2,
0,0,0,0
2,2,0,0
0,2,1,
2,1,0,
0,2,,
1,1,0,0
1,2,0,
2,1,0,
5,2,41,
4,4,3,
2,2,0,
0,1,0,0
2,2,7,
2,2,0,
2,2,0,
2,2,0,
2,2,0,3
2,2,,
1,2,0,
2,3,2,
1,2,,
2,2,0,
1,1,0,0
1,2,0,
2,2,0,
2,3,19,
1,1,0,0
0,0,0,0
1,2,,
2,2,6,12
2,2,6,
1,2,40,
2,2,8,
1,1,,
2,3,145,
0,0,0,0
0,0,0,0
1,2,0,
2,2,0,
1,2,,
4,1,0,0
2,2,0,0
2,2,0,
1,2,3,
0,1,0,0
1,2,0,
0,0,0,0
2,2,,
2,2,0,0
4,2,,
5,2,3,
1,1,0,0
3,2,,
2,1,0,
4,2,0,0
3,2,0,2
6,1,0,0
0,0,0,0
6,2,1,
2,1,0,
2,1,0,
2,2,6,
2,2,,
2,3,11,
2,1,0,
1,1,0,
6,2,0,0
2,1,0,0
1,2,0,0
2,2,0,
2,4,196,
2,2,10,
3,2,,
1,2,8,
2,1,0,0
2,2,0,0
1,1,0,0
1,1,6,0
1,2,0,
2,1,0,0
2,1,0,0
2,2,5,
2,2,2,1
1,1,0,0
2,2,0,
2,2,0,0
0,0,0,0
2,2,3,
4,2,0,
2,2,1,
4,1,0,0
4,2,0,0
1,2,,
2,2,3,0
2,2,4,
0,0,0,0
2,2,0,0
2,2,0,
5,2,0,
1,3,0,0
2,2,0,
0,0,0,0
1,1,0,0
2,2,0,0
5,2,,
1,1,0,0
0,1,0,
0,0,0,0
2,3,0,0
2,2,0,
2,2,5,
6,2,3,3
2,2,0,
1,1,,
1,2,0,0
2,2,11,
2,2,,
2,2,0,
2,2,3,
5,2,22,19
1,1,0,
2,1,0,
0,2,0,0
2,2,,
0,0,0,0
0,2,0,0
2,2,,
0,0,0,0
2,2,5,1
0,0,0,0
1,2,1,0
2,2,0,
0,2,0,
5,2,0,0
2,2,7,0
2,2,0,
0,0,0,0
2,1,0,
2,2,0,0
2,1,0,
2,2,0,
2,2,14,
2,2,6,2
0,0,0,0
2,1,0,0
2,2,10,
5,2,,
5,2,0,
5,2,2,
1,1,,
2,1,0,0
1,2,6,
2,2,3,
6,2,2,0
4,1,0,0
2,2,0,
0,0,0,0
2,2,3,
2,1,0,
2,2,1,2
2,2,,
2,0,1,0
1,2,0,0
3,1,1,0
2,2,0,
2,2,0,
1,2,,
1,3,0,0
0,0,0,0
1,2,0,0
6,2,2,
1,1,0,0
1,3,15,
2,3,12,
5,2,,
4,3,0,0
2,2,0,
0,0,0,0
0,0,0,0
0,1,0,0
5,3,0,0
4,1,0,0
0,0,0,0
1,2,0,
2,2,0,1
2,2,0,
2,2,2,
2,2,0,
0,0,0,0
2,2,1,0
5,2,1,
1,2,,
2,2,3,
2,2,0,
1,2,0,0
2,2,0,
5,2,,
2,3,2,
2,2,0,
2,2,1,1
4,2,0,0
1,1,0,0
6,2,6,
2,2,0,0
1,1,0,
4,2,0,
2,2,,
1,2,3,
2,2,0,
2,2,0,
6,2,0,0
2,2,0,
0,0,0,0
0,2,0,0
1,1,0,
2,1,0,
2,2,6,
0,1,0,0
2,3,40,
1,1,0,
2,2,4,
2,2,0,
0,2,0,0
1,2,1,
5,1,0,0
2,2,0,
0,2,0,0
2,2,,
1,3,,
2,2,,
2,2,0,
2,2,6,10
2,2,0,
2,2,0,
2,2,2,
2,1,0,
6,2,1,5
1,2,0,0
1,1,,
2,2,0,
2,2,,
1,2,0,0
2,2,3,
1,2,0,
0,1,0,0
0,3,0,0
2,1,0,
2,1,0,
1,2,,
2,2,0,
2,2,0,
0,0,0,0
0,0,0,0
6,2,6,5
2,1,0,
0,1,1,0
1,1,16,
2,1,0,0
2,2,3,
3,2,2,3
1,2,2,
2,2,0,
2,2,0,
2,2,,
2,2,1,
1,2,,
2,2,0,
2,2,0,
1,2,0,0
2,2,0,
2,2,1,
2,2,2,
1,2,4,
2,2,4,
1,3,15,
2,2,92,
1,2,2,
0,0,0,0
1,2,0,0
0,2,0,0
2,2,0,
2,1,,
4,2,0,
1,1,,
0,2,0,
2,4,0,
2,2,0,0
5,2,1,
4,2,0,0
2,1,0,0
0,0,0,0
3,2,0,0
1,2,0,
2,2,3,
1,2,0,
0,0,0,0
5,2,3,0
4,1,2,0
1,1,0,
0,2,0,0
0,2,7,0
0,0,0,0
0,0,0,0
1,1,0,
0,2,10,2
2,1,,
0,0,0,0
2,2,1,
0,1,0,0
2,2,,2
1,2,2,0
2,2,0,
2,3,1,0
2,2,,
0,1,0,0
2,2,0,
2,2,0,0
2,2,0,
1,2,0,
1,2,0,
1,2,3,0
2,2,,
6,2,0,0
2,2,0,
2,2,0,
0,0,0,0
2,2,0,
0,1,0,0
5,2,0,
1,1,0,0
0,0,0,0
0,2,,
0,0,0,0
1,2,,
2,1,0,0
2,2,0,
2,2,0,
5,1,0,0
2,2,,
6,2,0,0
2,2,,
1,1,,
2,1,0,
2,2,0,
1,2,0,1
2,2,,
0,0,0,0
6,1,1,0
0,1,1,3
0,0,0,0
1,2,3,
2,3,4,0
2,2,0,
0,2,0,0
0,2,0,0
3,2,5,0
2,2,0,
2,2,2,
1,2,,
1,2,,
0,2,3,0
0,0,0,0
0,2,0,0
0,2,0,0
2,2,19,0
1,2,,
4,1,0,0
2,1,0,
0,1,0,0
6,2,0,0
2,1,0,
2,2,0,
1,2,1,
0,1,0,0
2,1,0,
2,2,1,
1,3,2,
0,2,1,1
2,3,0,
2,2,1,
2,2,0,
0,1,2,0
2,1,0,0
2,2,5,
2,3,0,0
1,2,,
1,2,1,
1,2,2,0
2,2,4,1
1,3,21,
0,0,0,0
2,3,0,0
2,2,0,
2,2,8,
1,2,0,0
1,2,0,
1,2,7,1
1,2,,
2,2,0,
1,2,0,
4,2,7,12
1,2,,
2,2,1,
1,2,0,
0,2,0,0
0,1,0,2
2,2,3,0
6,2,0,
2,1,0,
1,2,0,0
1,2,2,
1,2,0,0
2,2,0,
2,2,0,0
2,2,1,
2,2,5,
4,2,0,0
2,1,0,
2,2,0,
1,2,,
2,2,0,
2,2,0,
4,2,0,0
1,2,0,
1,1,0,0
6,2,0,
1,2,0,
4,1,0,0
2,2,3,
1,2,,
2,2,0,
2,1,,
2,2,0,
2,1,0,
2,2,,
0,1,0,0
2,2,0,
5,2,,
1,2,,
2,2,5,
2,2,,
2,2,0,
4,2,0,0
5,2,1,
1,2,0,0
0,0,0,0
4,0,0,0
1,2,18,
2,2,0,
2,2,10,
2,2,10,
1,2,0,0
1,2,1,10
2,2,0,
0,0,0,0
5,2,0,0
2,2,0,
0,2,0,0
0,1,0,0
3,2,7,
2,3,0,
2,2,5,
0,0,0,0
0,2,0,0
2,2,0,
1,2,,
0,2,0,0
6,2,0,0
2,2,1,
1,2,38,
1,1,0,0
0,2,7,
4,1,0,0
2,2,6,
2,2,6,
2,2,0,
0,2,1,0
0,0,0,0
2,2,,
4,2,3,2
2,2,0,
1,1,0,
2,2,0,
2,3,14,
1,2,,
4,2,0,0
2,2,0,
1,2,1,
4,1,3,0
2,2,0,
2,2,0,
2,2,,
2,4,53,
2,3,10,
2,2,0,
1,2,12,
0,0,0,0
1,2,3,
5,2,3,
2,2,0,
0,2,0,0
2,1,0,
4,2,0,
2,2,4,
2,2,0,
1,2,3,3
4,2,5,5
0,2,0,
2,2,0,
2,2,,
1,1,0,0
0,0,0,0
2,1,0,
2,3,1,32
4,2,0,0
1,1,0,0
0,0,0,0
2,2,2,
2,2,0,
2,2,0,
1,3,0,0
0,2,0,0
1,2,,
2,2,2,
2,3,11,
5,2,0,
1,1,0,
2,2,0,
2,2,6,12
0,2,3,12
2,1,0,
2,1,0,0
1,2,0,
4,2,0,0
5,3,8,
0,0,0,0
1,2,9,
2,2,0,
2,2,,
2,2,0,
2,2,0,0
1,3,0,0
2,2,4,2
2,2,5,
0,0,0,0
1,2,,5
2,2,4,
2,1,0,0
2,1,0,0
2,1,0,
0,1,0,0
2,2,0,
4,2,0,0
6,2,0,0
2,2,13,0
2,2,0,
6,4,5,
2,2,0,0
2,1,0,
4,1,0,0
6,2,,
0,0,0,0
2,2,0,1
2,1,0,
2,2,,
1,2,18,
6,2,9,0
1,2,0,0
6,3,1,0
4,2,0,0
5,2,0,
1,1,0,0
2,2,15,
1,2,2,
2,2,,
0,2,0,0
0,0,0,0
2,2,0,
2,2,0,
6,2,5,1
6,2,0,0
1,2,,
0,0,0,0
1,1,0,0
2,2,6,0
2,2,0,
2,2,3,
2,2,0,
0,0,0,0
2,2,0,
2,2,9,
1,2,0,
2,2,0,
5,2,0,0
2,1,0,0
5,2,,
6,2,0,
2,2,0,
2,1,0,
1,2,0,
0,0,0,0
2,2,0,
2,2,,
2,2,0,
4,3,6,21
0,0,0,0
0,2,0,0
2,2,0,
0,2,0,0
1,2,,
2,2,0,
2,2,3,0
2,3,22,
2,2,0,
2,2,0,
1,1,0,0
0,0,0,0
1,1,0,0
2,2,0,
0,0,0,0
6,2,5,3
5,2,0,
2,2,0,
2,2,0,
2,1,0,
2,2,4,
1,2,,
2,2,0,
2,2,0,
2,3,21,
2,2,,
2,2,0,0
1,4,46,
2,2,0,
2,2,0,0
0,0,0,0
4,2,3,0
2,2,2,
0,0,0,0
2,2,,
0,2,0,
2,2,2,
1,2,,
2,2,0,
1,1,,
1,2,,
4,2,0,0
2,2,0,
0,0,0,0
2,1,0,
2,1,0,
1,1,0,0
1,1,0,0
2,1,0,
0,2,,
4,4,0,0
2,2,,
0,2,0,1
0,1,0,0
2,1,0,
2,2,1,0
5,2,0,
0,0,0,0
0,0,0,0
2,2,0,
1,3,18,
0,1,0,0
1,2,2,1
2,2,,
1,2,1,
1,2,1,
0,0,0,0
0,0,0,0
2,1,0,
1,2,,
2,3,10,
4,2,0,0
2,3,10,
1,2,0,0
3,4,,
5,2,2,0
0,2,4,
1,1,,
2,2,0,
2,2,0,
0,2,1,2
2,2,1,0
6,2,0,0
2,1,0,
5,2,1,
2,2,1,
2,2,0,
2,2,1,
5,2,,
2,2,0,
1,3,0,
0,0,0,0
1,2,,
4,2,0,0
2,2,1,
0,0,0,0
2,2,0,
5,2,0,
1,2,,
2,2,0,
2,2,,
2,1,0,
2,2,0,0
1,2,2,
6,2,0,
1,1,0,0
4,1,0,0
0,3,2,0
1,2,7,
2,2,0,
2,2,0,
2,2,0,0
1,1,,
2,2,0,
2,2,1,
5,2,0,
2,2,2,
1,1,0,
0,2,,
2,2,1,
2,2,0,
2,2,0,
1,2,0,
0,4,0,0
2,2,4,
2,1,0,
6,3,0,0
2,2,0,
6,2,0,0
2,2,0,
6,1,0,0
1,3,7,
1,2,0,4
1,2,1,
2,2,0,
2,2,2,
1,2,0,
2,2,0,0
2,3,,
0,2,0,0
1,2,0,
2,3,182,
1,1,0,0
2,2,0,
1,2,12,0
0,2,0,0
5,2,3,0
1,2,0,0
0,0,0,0
2,2,0,0
1,1,0,0
1,1,0,0
0,0,0,0
2,2,0,
0,1,0,0
2,2,0,
2,2,0,
2,1,0,0
1,2,2,0
1,1,0,
3,2,2,0
2,2,,
4,2,,
0,3,,
2,2,0,
2,2,0,
2,3,0,0
2,3,15,0
0,2,2,3
2,2,0,
2,2,0,
0,1,1,0
2,3,11,
1,2,,
0,0,0,0
1,1,0,0
0,0,0,0
2,2,0,
1,1,0,
4,2,0,0
2,2,0,
1,2,0,
2,1,0,
2,2,2,
1,1,0,0
2,2,0,
2,2,,
1,2,2,
2,2,0,
4,1,0,0
2,2,3,
6,3,0,0
2,1,0,
2,3,,
0,0,0,0
5,2,0,0
5,2,,
1,2,14,0
1,2,4,
4,1,0,0
4,2,2,6
4,2,0,0
2,3,8,
0,2,0,0
1,1,,
2,2,0,0
2,1,0,0
0,2,0,0
2,2,,
1,2,0,0
2,3,1,
2,2,0,
5,2,0,
2,2,,
2,1,0,
2,2,2,
2,2,0,
6,2,,
2,2,0,
0,0,0,0
2,2,3,
2,2,0,
6,1,0,0
1,2,0,0
5,2,0,
1,1,0,
2,2,0,
0,0,0,0
2,2,2,
2,2,1,
0,0,0,0
6,2,0,0
2,2,0,
2,2,0,
2,1,0,
1,2,25,
1,2,,
6,1,0,0
2,1,0,
0,2,0,0
2,2,,
1,2,26,
2,1,,
0,0,0,0
3,2,3,0
5,2,0,
2,2,0,
0,2,1,0
6,2,0,2
2,3,25,
5,2,71,4
0,2,0,0
2,2,8,
5,2,0,
2,3,,
2,1,0,
1,1,0,0
0,2,0,0
2,2,0,
2,2,2,1
0,0,0,0
2,2,1,
0,3,0,0
0,0,0,0
1,1,,
6,1,0,0
1,2,0,
6,1,0,0
2,1,0,
4,2,,
2,2,10,
2,1,0,
2,2,0,
0,0,0,0
2,1,0,
2,2,10,
2,2,0,0
2,2,0,
6,2,0,0
2,2,,
2,2,0,
1,2,,
2,3,28,
5,2,2,
0,2,,
2,1,0,0
2,3,0,0
2,2,0,
1,1,0,0
4,1,0,
4,1,0,0
2,1,0,
1,2,,
2,3,35,
2,1,0,
2,2,7,
0,0,0,0
2,2,1,
2,1,0,
2,2,2,
1,2,3,
0,2,1,
0,0,0,0
2,2,0,
2,2,,
2,2,0,0
1,1,0,
2,1,0,
1,2,0,0
0,1,0,0
2,2,,
5,2,0,
6,2,0,
0,0,0,0
1,1,0,1
4,1,0,0
5,2,0,0
1,2,22,
0,0,0,0
2,1,0,
2,2,0,
0,0,0,0
1,2,,
1,2,,
2,2,0,
2,2,,
0,1,0,0
1,2,0,0
2,2,0,
1,1,,
1,2,8,0
2,1,0,
4,1,0,0
2,2,,
2,2,1,
5,2,,
1,2,,
0,2,0,0
2,1,0,
0,2,0,0
2,2,0,
0,2,0,0
0,2,0,0
0,1,0,0
2,2,0,
2,2,0,
1,2,0,0
2,1,0,
2,2,,
2,2,0,
0,2,0,0
2,2,0,
5,2,17,
1,2,7,
2,2,0,
2,2,9,
6,2,1,3
2,2,2,5
0,1,1,
0,2,0,1
0,0,0,0
2,2,0,0
2,1,0,0
1,1,0,0
2,2,,
0,0,0,0
2,2,0,
2,2,1,
0,3,0,0
2,1,0,
2,2,0,
0,0,0,0
6,2,0,0
1,3,3,
4,2,0,0
2,3,6,
2,2,,
1,2,3,
2,2,,
2,3,5,
2,1,0,
6,2,1,0
2,2,,
1,2,,
1,2,0,0
2,2,1,
2,2,3,1
5,2,0,
4,1,1,1
5,2,0,0
0,2,0,0
0,1,0,0
2,2,0,
2,2,0,
5,3,,
2,1,0,0
0,2,0,0
2,2,0,
2,1,0,
2,2,0,
0,0,0,0
2,1,0,0
6,2,19,2
2,1,0,
1,1,0,0
6,3,,
0,2,0,0
2,1,2,
1,2,,
2,2,1,0
2,1,0,0
5,2,8,
6,3,0,0
2,1,0,0
1,2,,
2,1,0,
2,2,0,
1,2,0,
2,1,1,0
3,2,1,0
6,1,0,0
1,2,0,
2,2,0,
5,2,0,
0,1,0,0
2,2,0,
2,1,0,
3,2,1,0
2,2,0,
5,3,0,0
2,2,0,
1,2,,
2,1,0,
1,2,0,
2,2,,
1,1,0,
2,2,0,0
5,1,0,
0,2,,
1,2,78,
1,2,0,0
2,2,0,
2,2,0,
2,2,0,
5,2,2,
2,2,0,0
2,1,0,0
0,0,0,0
2,2,0,
2,4,0,
2,2,4,
4,2,0,0
2,2,,
2,2,0,0
2,3,0,0
6,1,1,1
2,2,0,
2,2,3,
6,2,0,0
6,2,2,3
2,2,3,
2,2,0,
2,2,0,
1,2,0,0
1,2,,
1,2,,
1,2,,
2,2,0,
2,2,1,
0,0,0,0
2,2,0,
5,2,0,
5,2,0,
0,2,0,0
2,2,0,0
1,2,0,0
2,2,,
2,2,,
2,2,,
2,2,0,
2,2,0,0
2,2,0,
5,2,0,
1,2,0,
2,1,0,
2,1,,
2,2,0,
2,2,1,
2,2,1,
0,2,0,0
2,2,,
5,2,0,
5,2,0,
1,2,1,2
2,2,0,
5,3,,
2,1,,
1,1,0,0
1,2,0,
2,3,,
0,0,0,0
1,1,0,0
1,2,0,5
2,2,,
2,3,0,
2,2,0,
1,2,12,
1,1,0,0
2,1,0,
2,2,0,
5,2,6,
1,1,0,
2,2,1,
0,3,0,0
4,1,1,7
2,2,3,
5,2,1,
2,2,0,
2,1,0,0
2,3,16,
2,2,0,0
1,2,1,0
2,1,0,0
6,2,4,1
2,2,0,
0,2,0,
1,3,,
2,2,4,
5,2,,
0,3,4,12
4,2,2,
1,1,0,
2,2,0,
2,3,3,
0,1,0,0
2,3,22,
4,2,0,0
2,2,,
4,2,0,
0,0,0,0
4,2,0,0
6,4,0,
0,1,0,0
1,2,,
2,2,0,
4,2,3,
1,2,0,
2,2,0,
2,2,0,0
2,1,0,0
4,1,0,
2,2,0,
0,0,0,0
2,2,0,0
2,2,3,
2,2,,
2,1,0,
2,2,1,
6,0,0,0
0,1,0,0
2,2,0,
1,3,,
5,2,1,
4,1,0,0
1,2,,
2,1,0,
2,1,0,0
2,1,0,0
6,2,4,0
1,2,,
4,2,2,
6,1,1,0
4,2,5,0
6,2,1,1
2,2,0,
2,1,0,
3,2,3,
2,2,0,
1,2,,
2,2,0,0
1,2,1,8
1,2,0,0
1,1,0,
2,2,,
0,2,,
2,1,0,0
1,1,0,0
6,2,5,7
2,2,0,
2,2,0,0
6,2,0,0
0,2,0,0
2,2,1,
1,2,11,
2,2,,1
2,1,0,1
2,3,5,
0,0,0,0
1,1,1,0
6,4,17,50
2,2,0,0
6,2,0,
0,0,0,0
0,0,0,0
4,2,0,
0,0,0,0
2,1,0,
4,2,0,0
2,1,0,
1,2,0,
2,1,0,
2,2,0,
4,2,0,
2,2,0,
0,1,0,1
1,2,,
1,2,0,
1,1,0,0
2,2,0,
1,2,,
2,2,0,
1,2,2,
2,1,0,0
1,1,0,0
2,1,0,0
2,2,0,
5,2,7,
0,1,0,0
1,2,,
0,2,5,
1,3,,
2,2,0,0
1,1,0,0
2,3,9,
2,2,,
3,1,0,0
1,1,0,
6,2,0,0
2,2,,
5,2,14,
6,2,0,
2,2,,
2,2,0,0
1,2,,
1,1,0,0
4,2,,
1,2,0,0
2,2,,
6,2,1,1
0,0,0,0
2,2,34,0
2,1,0,
6,3,0,0
2,2,3,0
2,1,0,
0,1,0,0
4,1,0,0
0,2,0,0
0,0,0,0
2,2,0,
0,0,0,0
0,2,3,
2,3,16,1
0,0,0,0
0,2,0,
1,2,,
0,0,0,0
2,2,,
5,3,23,
0,0,0,0
2,2,0,0
6,2,0,0
1,2,0,
1,2,0,0
0,0,0,0
2,2,15,
2,2,4,
2,1,0,
1,2,0,
6,3,0,0
2,3,0,0
6,2,0,0
2,2,1,
1,2,5,2
4,2,0,0
2,2,0,
2,2,0,0
2,2,0,
4,1,0,0
1,2,,
2,2,0,
6,1,1,4
2,2,0,
4,1,0,0
2,2,3,
2,1,0,
5,2,0,0
0,2,0,0
1,2,0,0
2,2,0,
2,1,0,
5,2,0,
0,0,0,0
1,1,0,3
1,2,,
1,2,0,0
2,1,0,
1,2,,
1,1,,
0,2,0,0
2,2,5,
0,0,0,0
2,3,0,45
1,2,,
2,1,0,
1,2,0,0
2,2,0,
4,2,0,0
0,3,0,0
2,2,0,
6,2,0,0
2,2,2,
0,2,0,0
2,2,0,
2,1,0,0
0,0,0,0
1,1,0,0
5,1,0,
1,2,0,0
4,2,0,
2,2,,
4,2,5,0
5,3,10,
2,3,0,
2,2,0,
1,1,0,
3,2,6,
6,3,60,0
2,3,0,0
1,2,,
1,2,,
4,2,0,0
2,2,0,
2,1,0,
3,2,0,0
4,1,0,0
2,2,0,
2,2,6,
5,2,0,0
1,2,0,0
2,2,0,
1,2,0,0
2,2,0,
2,1,0,
1,2,,
1,2,0,0
2,2,20,
2,2,,
2,2,0,
1,2,,
2,1,,
5,2,0,
2,2,0,0
2,2,0,
0,2,2,
6,2,,
1,2,,
1,1,0,0
2,2,11,
6,4,0,0
1,2,2,0
2,1,0,0
2,2,0,
6,1,6,10
2,2,0,
2,2,0,
2,2,0,
2,2,0,0
2,2,0,
2,3,24,
6,2,2,
6,1,0,
2,2,0,
0,2,0,
2,1,0,
2,2,0,0
2,3,0,0
2,2,0,0
1,2,0,
6,1,0,0
5,2,,
2,1,0,
2,1,0,
0,0,0,0
1,2,,
2,2,0,
2,3,,
4,2,2,7
2,2,0,0
4,0,0,0
0,0,0,0
6,1,1,1
1,2,5,
2,1,0,
1,2,1,
2,2,,
1,2,0,0
2,2,0,
0,0,0,0
2,2,13,
1,1,0,0
1,1,0,0
5,2,1,
0,2,0,0
4,2,0,
2,2,,
2,2,0,
2,3,,
2,1,0,0
2,2,0,
4,2,0,0
2,2,0,
2,2,0,
1,1,0,0
2,3,11,
2,1,0,
1,1,0,0
0,0,0,0
2,2,0,0
2,2,1,
2,2,0,
2,2,0,
2,2,3,
1,2,6,
0,0,0,0
2,1,0,
1,2,,
2,2,,
1,2,1,
0,0,0,0
2,2,2,0
2,2,2,
0,0,0,0
2,2,0,
2,2,0,
2,1,0,0
1,1,4,0
2,2,0,
2,2,2,
2,1,0,0
2,2,0,
6,1,0,0
4,2,0,0
2,2,8,25
0,1,0,
2,2,1,
2,2,0,
0,1,0,0
2,1,0,
0,2,0,0
6,1,0,0
2,2,,
2,3,2,2
4,2,,
1,3,11,
5,2,0,
5,2,0,
2,2,0,
2,2,0,0
2,2,0,
2,1,0,
6,1,0,0
2,2,1,
2,2,0,
2,2,0,0
0,0,0,0
2,1,0,0
0,0,0,0
2,2,0,
0,2,0,0
2,4,1765,
2,2,0,
2,2,3,
2,2,,
0,2,0,0
2,2,0,0
2,2,0,
2,3,0,0
0,2,0,0
2,2,0,
0,0,0,0
0,0,0,0
2,2,0,0
2,3,,
2,2,2,
1,2,0,0
1,2,3,0
1,2,5,
2,2,0,0
2,2,0,1
5,2,1,
1,0,0,0
2,2,4,17
4,2,11,0
1,1,0,0
2,2,4,
2,1,0,
5,2,0,
2,1,0,0
1,2,,
2,2,4,
0,2,0,
2,2,0,0
2,1,0,
1,2,0,
2,2,,
6,2,,
0,2,0,0
2,2,,
0,3,0,0
0,0,0,0
1,1,0,0
2,1,0,0
1,2,,
2,3,24,
2,2,0,
2,1,,
2,1,0,1
5,2,0,
2,2,1,
2,2,2,
4,2,3,2
5,2,0,
2,2,0,0
1,2,,
2,2,3,
2,2,1,
6,1,0,0
2,2,0,
4,2,0,
0,2,0,0
2,3,0,0
5,2,0,
1,2,8,
2,1,0,
2,1,0,
3,2,5,0
2,1,0,
4,2,0,0
2,1,0,0
2,2,0,0
2,2,0,
2,2,0,
1,2,1,
6,2,0,6
2,2,6,
0,2,0,
2,1,3,0
2,2,0,
1,2,,
2,2,1,
2,2,0,0
1,2,0,6
1,2,6,1
2,2,,
5,1,0,
6,1,1,1
0,0,0,0
2,2,1,0
1,2,,
0,1,0,0
6,2,0,0
0,2,0,0
0,2,,
1,1,0,0
1,3,0,0
0,2,0,0
0,0,0,0
1,1,0,0
2,3,11,
2,2,0,
2,2,0,
0,0,0,0
2,2,0,
4,2,1,0
0,2,0,0
2,2,2,
2,3,,
1,3,92,40
5,2,0,
2,2,,
5,2,3,
1,2,0,
2,2,0,
2,2,,
2,2,0,
1,2,0,
2,2,0,
2,2,,
4,2,0,0
1,1,,
2,2,0,
1,2,21,
1,1,,
1,2,,
1,4,3,0
0,0,0,0
2,2,0,0
2,2,1,5
1,2,,
1,2,3,
2,2,0,
0,0,0,0
0,0,0,0
4,2,0,
0,0,0,0
1,2,18,
4,2,0,0
2,3,,
2,1,0,
2,2,0,
2,2,0,
2,2,6,
1,2,0,
2,1,0,0
1,2,1,
2,2,0,
2,2,0,
2,2,0,0
2,2,1,
2,3,10,
2,2,0,
2,3,9,3
6,1,0,0
2,1,0,
4,2,5,0
2,2,,
4,2,1,0
2,1,0,0
0,2,1,0
2,2,0,
2,2,,
2,2,1,0
0,2,0,0
2,2,5,
6,2,,
1,1,,
2,2,0,
0,2,0,0
2,2,5,
3,2,0,0
0,2,0,0
0,0,0,0
4,2,,
2,2,1,
2,2,0,
2,2,0,
4,2,0,0
0,1,0,0
2,1,0,0
1,2,,
1,2,0,0
0,0,0,0
0,2,0,0
0,1,,
2,1,0,0
2,2,0,0
0,0,0,0
6,2,0,0
1,2,,
2,2,0,
1,3,0,0
2,0,0,0
2,2,5,
0,2,0,0
2,1,0,
2,3,23,
0,1,0,1
2,2,0,
0,1,0,0
0,1,0,0
2,1,0,0
2,2,0,
6,2,0,0
1,1,0,
1,2,,
2,2,0,
0,0,0,0
2,1,0,0
0,0,0,0
2,2,0,
2,2,0,
2,2,0,
1,2,0,0
1,1,0,0
2,2,,
2,2,0,
2,2,,
5,3,,
1,2,,
2,2,0,
0,2,0,0
2,2,4,
3,2,0,0
5,2,0,
2,2,,
0,1,0,0
2,2,0,
2,2,0,
0,0,0,0
4,2,0,0
1,2,0,0
1,2,,
2,2,0,
0,0,0,0
2,2,,
4,2,3,0
0,0,0,0
0,2,0,0
5,2,1,
1,2,34,
2,2,0,
2,2,0,0
2,1,0,
2,2,0,
5,2,0,0
2,2,,
0,0,0,0
1,2,7,
2,2,5,0
1,2,0,0
0,1,0,0
2,2,0,
2,2,0,
0,2,3,0
2,2,7,0
0,0,0,0
2,2,0,0
2,4,7,
0,0,0,0
1,1,0,
5,2,5,
2,3,0,
2,2,0,
2,2,4,
5,2,,
1,1,0,0
1,2,,
3,2,,
2,4,,
1,1,0,
0,2,0,0
2,2,,
2,2,3,
2,2,0,
1,1,0,0
1,2,6,
0,2,0,0
2,3,0,25
2,2,0,
0,3,0,0
1,2,,
1,2,,
6,1,1,0
1,1,6,5
1,2,,
2,3,0,0
2,2,0,
0,0,0,0
6,2,0,0
2,3,,
5,4,23,
2,2,0,0
0,1,0,0
0,1,0,0
2,2,0,
1,3,,
2,2,3,
1,2,0,0
2,2,3,
5,2,0,
2,3,20,
2,2,0,
2,2,0,
2,1,0,0
4,2,0,
4,2,0,11
1,2,,
2,2,0,
1,2,0,
0,0,0,0
1,2,0,
0,0,0,0
5,2,7,
0,0,0,0
4,2,0,0
2,3,,
1,2,1,
3,3,17,0
1,3,9,
1,2,0,0
0,0,0,0
2,1,0,
2,2,5,
0,0,0,0
1,2,,
0,1,0,0
2,1,0,
1,2,,
1,2,3,0
1,3,14,
1,1,,
1,2,0,
0,2,2,
1,3,,
2,2,0,
2,2,0,0
2,2,0,
1,2,,
5,2,,
2,2,0,
2,2,0,
2,2,3,
1,1,0,0
4,2,1,
2,2,,
2,3,0,0
1,2,,
0,0,0,0
6,1,0,0
2,1,0,
1,2,0,
2,2,10,
0,0,0,0
0,0,0,0
2,3,36,
3,2,11,
0,0,0,0
2,3,0,0
2,3,0,
2,2,0,0
2,2,,
1,2,,
2,2,1,0
2,1,0,0
4,1,0,0
1,1,0,0
0,0,0,0
0,2,9,
1,2,,
6,2,0,0
2,2,4,3
0,3,0,0
1,1,0,
1,2,,
1,2,,
2,2,2,
2,2,0,
2,2,5,
2,2,,
2,2,6,
1,2,0,0
2,1,0,0
2,2,5,
2,1,0,0
1,4,,
2,2,0,
1,2,1,
0,2,1,
2,1,0,
1,1,,
1,2,0,0
2,3,5,
2,3,5,
2,2,7,
2,2,0,
0,1,0,0
1,2,0,
4,2,0,0
2,1,0,
4,2,7,12
1,2,,
1,2,0,0
2,2,0,
0,2,0,0
2,3,20,
0,0,0,0
4,3,7,12
2,2,0,
2,2,0,
2,2,,
0,0,0,0
2,0,0,0
4,1,0,0
2,2,0,
6,2,0,0
0,1,,
2,2,0,
6,4,,
2,2,2,2
4,1,0,0
2,2,0,
2,2,0,
5,2,0,0
2,2,0,0
2,1,0,
1,2,9,
2,2,0,
2,2,0,
2,2,0,
1,2,0,0
2,2,0,4
2,3,36,
2,2,0,
0,0,0,0
6,1,0,0
2,2,0,
0,0,0,0
2,3,43,8
5,2,,
1,2,0,
2,1,0,
6,1,0,1
2,2,,
2,2,0,
1,1,0,0
2,1,0,0
1,2,0,
2,1,0,
2,3,0,
0,1,0,0
2,2,5,
2,2,0,0
2,2,,
2,1,0,0
2,2,0,
2,1,0,
5,2,,
2,2,0,0
5,2,0,0
0,1,0,0
1,2,38,1
1,2,0,0
0,0,0,0
2,2,,
2,2,0,0
2,2,2,
5,2,0,
1,2,0,
6,3,0,0
2,3,13,
5,3,21,
2,2,0,
2,2,,
1,2,,
2,2,1,
6,1,0,0
4,2,0,0
0,2,0,0
1,3,0,0
3,3,84,0
1,2,12,
2,3,0,
2,1,0,0
1,3,,
2,2,4,
2,1,0,0
2,2,0,0
2,2,1,
1,2,,
2,2,0,
1,2,1,
2,2,0,
1,2,0,0
0,1,0,0
4,1,4,1
4,1,4,2
1,2,0,0
1,1,0,0
2,2,4,
2,1,0,0
1,1,0,0
1,2,4,
1,2,,
6,2,20,
5,2,0,
1,2,0,
2,2,,
4,2,0,0
1,3,6,0
5,2,0,
2,2,0,
0,1,0,
2,3,36,
2,2,0,
2,2,0,
0,1,0,
2,1,0,
2,2,,
2,2,5,
2,4,48,
1,2,,
2,2,0,
2,3,10,
2,1,3,0
2,2,0,0
1,2,0,0
2,2,0,
0,0,0,0
1,2,0,
2,2,0,0
2,3,10,
0,0,0,0
2,2,0,
1,2,15,
2,2,0,0
0,0,0,0
1,2,0,0
2,2,7,
2,1,0,2
0,1,0,0
2,2,0,
2,2,1,
1,2,2,
1,1,0,0
1,2,7,1
2,1,0,0
6,2,0,0
2,3,18,
2,2,0,
0,0,0,0
4,1,0,0
4,2,0,0
2,2,0,
2,2,2,
2,2,2,
2,2,0,0
2,2,0,0
1,2,2,3
3,2,0,
2,1,0,0
0,2,0,0
1,2,,
2,2,4,
2,2,0,0
2,2,1,
0,1,0,0
1,2,0,0
5,1,0,0
2,2,,
2,2,0,0
2,2,,
2,2,0,
2,2,0,
5,2,0,
2,2,,
2,2,0,
3,1,2,0
2,2,8,
1,2,0,
2,2,0,0
4,1,0,0
2,1,0,0
2,2,2,0
2,3,24,0
1,2,3,3
5,2,0,
2,2,1,
2,3,42,0
5,2,2,
4,2,2,
2,1,0,
0,0,0,0
0,1,0,0
2,2,,
1,1,0,0
5,2,2,
1,1,0,
2,2,0,
2,2,1,
0,0,0,0
2,2,0,
1,2,,
1,2,0,
1,2,0,
2,1,0,
2,2,11,0
5,2,0,
1,2,1,
0,1,0,0
2,3,,
6,2,0,0
2,1,,
2,2,0,
4,2,0,0
2,2,0,
2,2,0,0
2,2,0,
0,0,0,0
2,1,0,
1,2,0,0
2,3,,
4,1,2,7
1,2,,
0,0,0,0
0,2,0,0
2,1,0,
0,0,0,0
2,2,5,
0,0,0,0
2,1,0,
2,1,0,
0,0,0,0
2,2,,
0,0,0,0
0,0,0,0
2,2,0,
1,2,0,
2,2,1,
1,1,0,0
1,2,0,1
1,2,1,0
2,3,1,
2,2,0,
2,1,0,
0,0,0,0
2,2,0,
2,2,0,
5,3,7,
2,2,0,0
0,1,0,0
1,3,,
2,2,5,0
0,0,0,0
2,2,4,
2,2,2,
2,2,0,0
0,1,0,0
2,2,0,0
5,2,5,1
1,2,,
1,2,2,
5,2,3,
2,2,,
2,1,0,
5,2,1,
1,2,0,
2,2,0,0
2,2,0,
0,2,0,0
0,0,0,0
0,2,0,0
2,4,0,
5,2,0,0
1,1,,
2,2,0,
4,2,0,
2,2,0,
1,2,,
5,2,6,0
6,2,0,0
2,2,3,
1,1,0,
0,0,0,0
2,1,0,
4,3,0,0
5,2,0,
2,2,1,
1,2,8,10
2,2,2,
2,2,2,
2,2,0,
0,0,0,0
2,2,2,
1,2,,
2,2,0,
2,1,0,
4,2,0,0
0,1,0,
2,1,0,0
5,2,0,
2,1,0,
2,1,,
2,2,,
2,2,4,
1,1,0,
3,3,7,
4,2,0,
4,2,0,0
2,2,0,
2,2,0,0
1,1,0,0
2,1,0,
0,2,3,0
1,2,,
5,2,1,
2,2,0,
0,2,0,0
2,3,,
1,2,3,
1,2,0,0
1,2,,
2,2,0,0
6,1,0,0
1,2,1,0
0,0,0,0
2,2,0,
2,0,1,18
0,1,0,0
2,2,4,0
1,2,0,
2,2,0,
2,1,0,0
1,2,,
1,2,,
2,2,0,
2,2,2,
1,2,0,
2,3,,
2,1,0,
0,0,0,0
2,2,13,
0,2,0,0
1,2,6,
2,2,1,
0,0,0,0
2,2,0,
2,2,0,
1,3,3,
2,1,0,
2,2,0,
5,2,0,
4,1,0,0
4,2,0,0
2,1,0,
0,0,0,0
2,2,2,
2,2,0,
1,2,0,0
4,1,0,
2,2,,
2,3,0,
2,1,0,
0,0,0,0
2,2,0,0
4,2,0,0
2,2,0,
1,2,0,0
2,2,0,0
0,0,0,0
1,2,0,
2,1,0,
1,3,8,
0,0,0,0
1,2,1,
5,2,21,
2,2,0,
2,2,0,
0,2,3,0
6,2,1,
1,2,4,
2,1,0,0
0,2,0,
0,3,0,0
2,1,0,
2,1,0,
2,2,0,
2,2,8,
4,2,2,3
2,1,0,
6,3,0,
4,1,0,0
6,2,18,0
2,1,0,
2,2,0,0
5,2,,
5,2,,
1,2,0,0
2,2,0,0
2,2,0,0
2,1,0,
4,2,,
1,2,0,0
0,2,0,2
4,2,2,0
1,2,0,0
1,1,0,
0,2,0,0
0,0,0,0
1,1,0,
0,0,0,0
0,2,2,
1,2,0,
0,0,0,0
6,1,0,0
2,1,0,11
0,1,0,0
2,3,12,
2,2,0,
2,2,,
4,3,9,1
6,1,0,0
5,2,0,
1,2,1,
0,0,0,0
2,1,0,
2,2,2,
2,4,,
2,2,0,
2,2,9,
1,2,,
0,0,0,0
5,2,12,8
2,2,2,
0,0,0,0
4,1,0,0
2,2,0,
2,2,5,
1,2,0,0
2,1,,
2,2,0,0
1,1,0,0
4,2,1,
2,2,0,
2,2,0,
4,2,,
0,0,0,0
2,2,0,
2,2,17,
2,2,,
0,0,0,0
2,2,6,
2,2,0,0
2,3,,
1,2,0,0
1,3,,
1,2,0,0
2,2,0,
4,1,0,0
2,2,0,
0,0,0,0
1,2,0,
0,1,0,0
0,1,0,0
4,1,0,0
6,1,3,1
1,2,0,0
2,1,0,
2,1,0,
0,2,0,0
2,2,,
2,2,0,0
0,2,0,0
0,0,0,0
2,2,0,
2,2,0,
5,2,,
2,1,0,0
2,1,0,
2,2,0,
2,2,0,
2,3,46,
0,3,0,0
2,1,0,
2,3,25,
2,1,0,
0,2,,
2,3,31,
1,1,,
6,1,0,
2,2,,
1,1,0,0
1,1,1,0
2,1,0,0
2,2,0,
2,2,0,
6,2,0,0
2,2,0,0
2,2,0,
1,2,,
1,2,5,
2,2,0,0
2,2,1,
2,2,1,
2,1,0,0
0,1,0,0
1,1,,
2,1,0,
1,1,0,
3,2,,
6,3,0,0
0,0,0,0
1,1,0,0
2,2,0,0
1,1,,
1,3,13,
2,1,0,
1,1,1,0
2,1,0,3
2,2,0,
1,2,0,0
2,2,0,
5,2,0,0
5,2,0,
2,3,253,374
2,2,0,
2,2,,
0,1,0,0
0,0,0,0
2,2,11,
2,1,0,
0,2,12,
2,1,0,
1,4,,
0,0,0,0
2,1,0,
2,1,0,
1,1,0,0
2,2,0,
2,2,0,
1,1,0,
2,1,0,0
2,3,0,
6,1,2,0
4,3,0,0
2,2,0,
1,2,,
0,3,0,0
2,2,0,
1,2,5,
1,2,,
2,3,0,0
0,0,0,0
1,1,0,
2,2,1,
2,1,0,0
0,1,0,0
0,2,5,
4,2,0,0
2,2,,
1,2,,
2,1,0,0
4,2,0,0
4,2,5,3
2,2,0,
0,1,0,0
1,2,0,0
1,1,0,0
0,1,0,0
2,2,8,
1,2,,
2,2,2,
1,2,0,0
4,2,0,0
0,0,0,0
3,2,2,2
2,1,0,
1,2,0,0
2,2,,
2,2,0,
2,2,0,
2,1,0,
0,2,0,0
0,1,0,
2,2,0,0
0,0,0,0
1,2,,
1,1,0,
5,2,0,
2,2,0,
2,2,0,
2,2,0,0
2,2,8,6
2,1,0,
0,1,0,0
2,2,0,
4,1,0,0
2,2,0,0
2,2,0,
1,1,0,0
2,2,0,0
2,2,0,
1,2,0,0
0,0,0,0
1,2,0,0
2,2,,
2,1,0,0
2,2,12,
1,2,0,0
3,2,0,
4,2,0,0
0,1,0,0
2,2,0,0
1,1,,
2,2,0,
6,2,0,0
1,2,3,
2,2,2,1
4,1,0,0
4,1,0,0
1,2,4,2
1,2,,
5,2,,
2,2,0,
2,2,0,
2,2,0,
2,2,1,
2,2,,
2,3,0,0
1,2,0,0
2,2,2,
2,1,0,0
0,0,0,0
2,2,0,0
1,1,0,0
2,2,0,0
5,2,0,
2,3,0,0
2,1,0,
0,0,0,0
0,0,0,0
5,2,0,
2,1,6,0
2,2,,
2,2,0,
5,1,0,
2,1,0,
2,4,,
4,2,0,
4,2,0,0
5,2,0,
2,2,0,
5,2,2,
2,2,0,
2,4,0,
1,2,,
2,2,4,
0,2,0,0
2,3,,
2,3,20,
0,2,0,2
5,2,0,0
5,2,0,
3,2,0,0
6,2,0,0
2,2,0,
0,2,3,0
1,3,0,0
2,2,0,
1,2,0,
0,0,0,0
0,0,0,0
0,0,0,0
2,3,1,
2,2,15,1
2,2,0,
6,2,0,0
2,2,0,
2,2,3,
2,2,0,
2,3,,
2,2,,
4,1,0,0
2,1,0,0
0,2,1,5
1,1,0,0
2,2,,
0,0,0,0
0,1,0,
4,2,0,0
2,2,0,
0,1,2,2
3,2,2,2
2,2,0,
2,2,0,0
6,1,0,0
2,2,0,
1,1,0,
2,2,0,
1,1,0,
2,2,6,
1,1,0,0
1,2,2,0
2,2,0,
1,3,,
5,2,12,
6,3,0,0
6,1,0,1
1,2,,
2,3,,
2,2,0,
6,2,2,0
1,1,0,0
2,1,0,
2,2,0,
1,3,15,
5,2,2,
2,2,0,0
0,1,0,0
2,1,0,
2,2,0,
1,2,0,0
2,2,3,
2,2,1,
2,2,1,
2,2,,
2,2,0,
2,2,0,
0,1,0,0
1,2,,
5,2,0,
1,1,0,
6,3,50,0
4,1,0,0
1,2,0,0
1,2,,
2,1,0,
2,2,0,
1,2,,
0,0,0,0
1,1,1,0
1,2,0,0
2,2,0,
1,3,,
5,3,23,
2,1,0,
2,2,0,
0,0,0,0
2,2,0,
0,0,0,0
4,2,0,0
2,2,1,0
2,2,0,
2,2,0,
2,2,10,
4,2,1,
6,2,0,
1,2,3,
4,1,0,0
1,1,0,0
1,1,0,
1,2,0,0
1,1,,
2,3,1,0
0,2,0,0
1,2,,
0,0,0,0
0,0,0,0
5,2,,
1,2,1,2
2,2,,
2,3,,
1,1,0,0
6,2,,
2,2,0,
2,2,0,
2,1,0,
2,2,0,
1,2,,
2,2,3,
3,2,2,
2,2,0,0
0,2,1,
5,2,0,
6,1,0,0
2,3,0,0
5,2,0,
1,2,2,
4,3,2,0
0,0,0,0
2,2,0,
2,2,5,
1,1,5,0
1,2,0,
2,2,0,
1,1,0,
2,2,0,
5,2,0,
6,3,8,0
4,1,0,0
6,2,2,0
1,2,,
2,2,0,
2,2,0,0
0,2,0,0
1,2,0,0
2,2,0,
2,2,0,
1,2,1,
5,2,0,0
1,2,6,
2,2,0,
2,2,0,
2,2,0,0
2,2,,
2,1,0,
2,2,,
2,1,0,0
2,2,0,
2,2,0,
2,2,1,
0,2,0,0
2,2,0,
2,2,0,
2,2,2,
2,1,0,
2,2,0,
0,1,1,0
2,2,0,
2,2,5,
4,1,0,0
2,1,0,0
1,1,0,0
2,2,0,
2,1,0,
0,0,0,0
3,2,1,
6,2,,
2,2,0,
2,2,1,
2,2,0,
1,1,0,0
5,2,0,
3,2,0,
2,1,0,
0,0,0,0
2,2,,
0,2,0,0
2,2,2,
2,2,4,
2,2,0,0
2,2,0,
2,2,,
4,2,0,0
2,2,3,
0,0,0,0
2,2,0,
1,1,0,0
2,2,8,
1,2,7,0
0,2,5,
0,0,0,0
2,1,1,0
2,2,0,0
2,2,0,
6,2,0,
2,2,2,
1,1,0,0
0,0,0,0
2,1,0,
1,2,,
1,2,,
1,2,0,1
2,2,0,10
2,1,0,
1,1,4,0
1,2,0,
1,1,0,0
2,2,0,
0,0,0,0
2,3,,
0,2,0,0
2,2,,
2,1,0,
6,1,1,2
1,2,,
1,2,0,0
2,2,0,
5,2,,
2,1,0,
2,2,0,
6,1,7,
0,0,0,0
2,2,0,
2,1,0,
2,2,0,
2,2,0,0
0,2,0,0
2,1,0,
1,2,0,
2,2,3,
0,0,0,0
2,0,0,0
6,2,2,1
4,3,0,0
2,2,0,0
5,2,2,
1,1,0,
1,2,0,0
1,2,0,0
2,2,0,0
1,2,7,
2,1,0,
0,0,0,0
1,2,0,
2,2,0,
4,3,0,0
2,2,,
4,2,0,
0,0,0,0
4,1,0,0
0,1,0,0
2,2,0,
0,2,0,0
0,2,0,0
0,2,0,0
2,1,0,
6,2,0,0
2,2,1,1
4,1,1,0
2,2,0,
0,2,0,0
2,2,0,
4,2,0,0
2,2,0,
2,2,,
4,2,0,0
2,3,2,
0,1,0,0
1,1,,
5,2,,
2,1,0,
1,1,0,
2,1,0,0
1,2,,
1,2,,
0,0,0,0
2,2,0,0
2,2,6,
0,0,0,0
2,2,0,
1,2,1,0
4,2,0,2
6,2,0,0
6,2,0,
0,2,13,0
4,2,0,0
2,2,0,
5,2,1,3
5,2,0,
2,1,0,
2,2,1,
5,2,2,0
0,1,0,0
2,2,,
2,3,3,
2,2,0,
2,2,8,0
1,2,5,
2,2,6,
6,2,3,0
0,1,0,0
0,0,0,0
2,2,0,0
1,2,,
0,2,0,
0,2,0,0
0,0,0,0
2,2,1,
2,1,0,0
0,0,0,0
1,2,5,0
0,2,0,
2,2,0,
5,2,2,
1,2,,
2,2,0,
1,2,1,3
2,1,0,
1,2,,
4,3,0,0
1,2,0,0
2,2,0,
2,3,,
2,2,0,0
1,2,,
4,1,0,0
2,2,2,
2,1,1,0
6,2,0,1
2,1,0,
4,2,0,0
1,1,0,0
1,2,,
1,2,0,0
2,2,0,
1,2,0,0
1,2,0,0
2,2,,
3,4,128,150
2,2,0,
2,2,0,
1,2,1,
0,0,0,0
4,2,0,0
1,2,0,0
0,0,0,0
2,2,,
4,2,0,
1,2,0,0
0,0,0,0
2,1,0,0
2,2,5,
2,2,0,
2,2,0,
2,2,0,
4,2,0,0
2,2,0,
2,3,10,
1,2,,
2,2,5,
2,4,42,
0,0,0,0
0,2,0,0
1,2,7,
0,3,0,0
4,2,0,0
1,2,,
2,2,,
2,2,0,
1,2,,
2,2,0,0
1,2,0,0
2,2,4,4
2,3,21,0
1,4,,
2,2,1,
2,1,0,0
1,2,4,
4,2,0,0
1,2,1,
0,2,0,0
5,2,12,
2,2,0,
4,2,0,
4,1,0,0
0,0,0,0
2,2,0,
1,2,2,2
2,1,8,
5,2,0,0
2,2,,
1,2,0,
1,2,1,3
2,2,1,
2,2,1,
0,0,0,0
1,1,0,0
6,2,28,10
2,2,0,
1,2,0,
2,2,0,
1,1,0,0
0,1,0,0
2,3,0,0
5,2,0,
2,2,0,
1,1,0,1
2,2,0,
2,2,1,4
2,2,0,
2,2,0,
0,0,0,0
4,2,0,0
1,1,1,0
2,2,0,
2,2,5,
5,2,1,
1,2,,
1,2,0,0
6,1,0,0
2,2,0,
2,1,0,
0,1,0,0
2,2,0,0
2,1,,
1,2,0,
0,0,0,0
1,2,0,
2,2,0,2
0,2,0,0
5,3,,
1,1,0,
1,3,0,0
2,1,0,
2,1,0,0
2,2,,
2,2,0,
2,2,0,0
0,0,0,0
2,1,0,
5,2,,
2,2,8,0
5,2,7,
2,2,0,0
2,1,0,
2,2,,
6,1,0,0
2,1,0,0
4,2,0,0
2,1,0,
1,2,0,0
2,2,9,
0,2,6,
2,1,0,0
2,2,2,
1,2,0,0
2,3,5,
2,2,0,
2,2,,
2,2,,
0,0,0,0
2,2,0,
0,3,0,0
1,2,,
1,1,0,0
0,0,0,0
2,3,72,
0,1,,
0,0,0,0
1,2,5,
1,4,43,
1,2,0,0
2,2,0,0
0,0,0,0
2,2,0,0
0,2,0,0
1,1,0,0
1,3,0,
2,2,2,
2,2,,
1,1,0,0
2,3,0,1
2,2,0,
2,2,0,
5,2,25,
2,2,0,0
5,2,,
2,1,0,
5,3,0,0
1,2,0,0
2,2,0,0
6,3,0,0
2,1,0,
0,0,0,0
1,2,,
2,1,0,0
2,2,0,
1,1,0,0
1,2,0,
4,1,0,0
2,2,,
2,2,0,
1,2,6,0
2,2,0,0
0,2,0,0
2,2,0,
5,2,0,0
6,1,0,0
2,1,0,0
1,2,19,
1,2,0,0
2,2,0,
0,3,0,0
2,1,0,0
0,2,0,0
1,2,,
1,2,,
1,1,0,
2,2,0,
2,3,5,0
2,3,10,
0,0,0,0
2,1,,
4,2,5,0
3,1,1,0
1,2,0,0
2,2,0,
1,2,1,
2,1,5,0
6,2,0,0
2,1,,
2,3,0,
1,2,,
2,2,0,0
6,2,0,0
2,2,,
2,1,,
0,0,0,0
2,2,0,0
5,2,0,
1,2,0,0
2,2,,
0,0,0,0
2,2,3,
2,1,0,
0,2,0,0
1,3,2,
2,2,,
1,2,6,0
2,2,,
2,2,0,0
2,1,0,
2,1,0,
2,1,0,
2,2,0,
2,2,0,
2,2,10,
1,2,0,
6,2,0,
6,2,,
0,2,0,0
1,2,0,
2,4,52,
2,3,13,
1,2,,
0,1,0,
1,1,3,0
1,2,2,
1,2,,
3,1,0,0
0,1,0,0
2,2,5,0
1,3,11,4
1,2,0,0
1,2,12,0
2,2,0,
0,0,0,0
2,2,0,
2,2,4,
2,2,0,
2,1,0,
5,1,0,
1,1,,
1,3,17,
2,2,6,0
0,0,0,0
1,1,0,0
2,2,0,
0,1,0,0
1,1,0,0
1,2,0,0
0,0,0,0
0,0,0,0
5,2,14,
2,2,0,
2,2,0,
6,3,52,0
1,2,,
2,1,0,
2,2,1,
1,1,0,0
2,2,0,
2,2,0,
2,2,0,0
0,2,,
1,2,0,0
4,2,0,0
5,1,13,
1,1,0,
5,2,1,
0,0,0,0
3,0,40,20
2,2,4,
2,1,0,
2,2,0,
4,1,0,0
1,1,0,
4,2,0,0
1,1,0,0
1,1,0,0
2,2,,
2,2,0,
0,2,2,7
2,2,2,
1,2,0,0
6,2,0,2
1,2,,
2,2,0,0
1,2,6,
2,2,2,3
1,2,0,0
0,1,0,0
4,1,0,0
1,1,0,0
2,1,0,0
2,2,0,
4,1,0,0
1,1,0,0
4,1,0,0
4,2,0,0
1,2,0,0
1,1,0,0
1,1,0,0
1,1,0,0
6,2,1,5
2,2,0,
1,1,0,0
1,1,0,0
2,2,0,0
5,1,0,0
2,1,0,0
1,1,0,0
6,1,0,0
1,1,0,0
4,1,0,0
2,0,0,0
1,1,0,0
4,1,0,0
6,1,0,0
6,1,0,0
2,2,0,0
1,1,0,0
1,1,0,0
2,1,0,0
2,2,0,0
4,1,0,0
1,1,0,0
6,1,0,0
1,2,0,0
1,2,0,0
2,2,0,0
1,1,0,0
1,1,0,0
2,1,0,0
2,2,0,
1,1,0,0
2,1,0,0
1,2,0,0
2,1,0,0
1,1,0,0
2,1,0,0
4,1,0,0
1,1,0,0
1,2,0,0
1,1,0,0
1,1,0,0
6,1,0,0
0,1,0,0
1,2,0,0
1,1,0,0
0,1,0,0
6,1,0,0
4,1,0,0
2,1,0,0
1,1,0,0
5,2,0,0
1,1,0,0
1,2,0,0
1,1,0,0
1,1,0,0
2,2,0,0
1,2,0,0
0,1,0,0
1,2,0,0
1,1,0,0
0,1,0,
1,1,0,0
4,1,0,0
4,1,0,0
1,2,0,0
4,1,0,0
1,1,0,0
1,2,0,0
1,1,0,0
2,2,0,0
0,1,0,0
1,2,0,0
6,1,0,0
1,1,0,0
1,1,0,0
4,1,0,0
6,1,0,0
1,1,0,0
1,2,0,0
1,2,,
0,1,0,0
1,2,0,0
6,1,0,0
2,1,0,0
6,1,0,0
1,1,0,0
1,1,0,0
1,2,0,0
1,1,0,0
1,1,0,0
1,1,0,0
1,2,0,0
1,1,0,0
1,2,0,0
1,1,0,0
1,1,0,0
1,1,0,0
4,1,0,0
1,1,0,0
1,1,0,0
1,2,0,0
0,1,0,0
1,2,0,0
1,1,0,0
1,2,0,0
1,1,0,0
1,1,0,0
0,1,0,0
2,1,0,0
1,2,0,0
2,1,0,0
1,1,0,0
1,1,0,0
6,2,0,0
1,1,0,0
2,1,0,0
2,1,0,
2,2,0,0
1,1,0,0
1,2,0,0
4,1,0,0
1,1,1,0
1,2,0,1
1,1,0,0
4,2,0,0
6,1,0,0
,3,0,0
4,2,3,1
2,2,0,0
1,1,0,0
2,2,0,
0,1,0,1
1,2,0,0
1,1,0,0
2,1,0,0
4,1,0,0
1,2,0,0
1,1,0,0
6,1,0,0
6,2,0,0
1,2,0,0
2,2,0,0
1,1,0,0
1,1,0,0
1,2,0,0
6,2,0,0
1,2,0,0
1,2,0,0
1,1,0,0
1,1,0,0
1,1,0,0
1,1,0,0
1,1,0,0
1,1,0,0
1,1,0,0
1,1,0,0
1,3,0,0
1,2,0,0
2,1,0,0
4,1,0,0
6,1,0,0
2,3,16,
2,1,0,0
2,2,0,0
6,1,0,0
2,1,0,0
1,2,0,0
1,1,0,0
1,1,1,0
1,1,0,0
1,4,0,0
6,1,0,0
0,1,0,0
1,1,0,0
2,1,0,0
2,1,0,0
6,1,1,0
1,1,0,0
1,3,0,0
2,0,0,0
2,1,0,0
1,1,0,0
3,2,,
6,1,0,0
1,2,0,0
6,2,3,0
1,1,0,0
2,1,0,0
2,1,0,0
1,,2,2
0,3,0,0
1,1,1,0
1,1,0,0
1,1,0,0
1,1,0,0
,3,0,0
4,3,7,7
3,2,,
1,2,0,0
2,1,0,0
1,2,0,0
1,1,0,0
1,1,0,0
1,1,0,0
1,1,0,0
1,1,0,0
1,1,0,0
2,1,0,0
6,1,0,0
0,1,0,0
1,1,0,0
1,2,0,0
1,1,0,1
,3,2,2
1,2,0,0
1,1,0,0
1,2,0,0
2,3,0,0
2,2,0,0
1,3,0,0
1,3,4,6
4,1,0,0
2,2,0,0
0,1,0,0
2,1,0,0
4,1,0,0
1,1,0,0
1,1,0,0
1,2,0,0
6,2,0,0
6,1,0,0
1,1,0,0
2,2,0,0
2,1,0,0
2,1,0,0
1,1,0,0
1,1,0,0
1,2,0,0
1,1,0,0
2,1,0,0
4,1,0,0
1,2,4,0
4,1,0,0
2,2,0,0
1,1,0,0
6,1,2,2
1,1,0,0
2,1,0,0
1,1,0,0
6,3,13,19
1,2,1,2
6,2,3,0
6,2,2,0
6,2,0,0
6,1,0,0
5,2,2,0
2,1,0,0
1,2,0,0
6,1,0,0
1,1,0,0
4,1,0,0
6,1,1,1
1,0,0,0
6,1,0,0
2,3,9,0
1,1,0,0
4,1,0,0
1,1,0,0
0,4,0,0
6,1,0,0
2,2,0,0
6,2,0,1
1,1,0,0
1,2,0,0
1,2,0,0
6,0,2,0
1,2,0,0
,2,0,0
2,2,4,0
4,2,0,0
1,1,0,0
4,0,,
2,3,0,3
1,1,0,0
1,2,3,0
2,1,0,0
4,2,0,0
1,1,0,0
4,1,0,0
1,1,0,3
1,1,0,0
2,1,0,0
1,1,0,0
1,1,0,0
0,2,0,0
6,1,,
1,1,0,0
0,1,0,1
6,1,0,0
0,1,0,0
2,1,0,0
2,5,329,332
1,1,0,0
2,1,0,0
2,2,0,0
1,1,0,0
2,0,0,0
1,3,0,0
6,3,0,0
1,2,0,0
4,1,0,0
1,1,0,0
0,2,6,0
,2,0,0
1,1,0,0
1,1,0,0
0,1,0,0
4,2,0,0
4,3,0,0
2,1,0,0
1,2,0,0
2,3,0,0
2,,0,0
2,2,0,0
1,0,,
1,1,0,0
6,,,
1,1,0,0
6,3,0,0
6,3,35,
1,1,0,0
2,1,0,0
1,1,0,0
1,2,1,0
0,1,0,0
4,1,0,0
1,2,0,1
1,2,0,0
1,2,0,
6,1,2,0
1,1,0,0
2,2,2,0
1,2,0,0
6,2,0,0
1,2,0,0
2,3,17,
0,1,0,0
1,2,8,3
1,1,0,0
1,1,0,0
1,3,0,0
1,1,0,0
1,1,0,0
1,1,0,0
2,1,0,0
1,1,0,0
0,1,0,0
6,3,0,0
1,2,0,0
6,1,0,0
1,1,0,0
0,2,0,0
6,1,0,0
1,1,0,0
2,0,1,0
1,1,0,0
6,2,0,0
4,2,4,0
4,,0,0
1,2,0,2
6,2,1,0
1,1,0,0
6,2,4,0
2,1,0,0
1,2,0,0
4,1,0,0
0,2,0,0
2,1,,
1,2,0,0
2,4,3,
6,2,0,0
1,1,0,0
1,2,0,0
6,3,0,0
2,1,0,0
1,2,0,0
1,1,0,0
1,1,0,0
1,2,0,0
1,1,0,0
1,2,0,0
0,1,0,0
1,1,0,0
4,1,0,0
0,2,0,0
1,2,0,0
2,0,1,0
1,1,0,0
1,1,0,0
4,2,2,0
1,2,0,0
1,2,10,
1,2,0,0
1,0,7,7
1,2,,
1,1,0,0
6,1,0,0
1,2,4,0
2,2,6,0
6,2,0,0
2,2,3,3
2,1,0,3
4,2,1,2
1,1,0,0
1,2,0,0
1,1,0,0
,2,0,0
1,1,0,0
,2,0,0
1,1,0,0
2,0,1,0
6,2,,
1,1,0,0
1,2,0,0
1,1,0,0
2,1,0,0
1,1,0,0
1,1,0,0
2,1,0,0
,1,0,0
2,1,0,0
1,2,3,0
1,1,0,0
1,2,0,0
6,1,0,0
4,2,0,0
0,1,1,0
1,1,0,0
1,1,1,0
1,3,3,
6,1,2,0
2,2,0,0
4,2,2,0
0,1,0,0
6,1,0,0
4,2,0,0
4,2,0,0
2,2,0,0
1,1,0,0
1,1,0,0
1,2,0,5
1,1,0,0
1,1,0,0
1,1,0,0
0,1,0,0
1,2,0,0
6,3,13,0
1,2,1,0
0,1,0,0
6,1,0,0
6,4,13,
1,1,0,0
2,1,0,0
6,2,4,0
6,1,0,0
1,1,0,0
2,1,0,0
1,1,0,0
2,1,0,0
6,1,0,0
1,1,0,0
6,3,0,0
4,1,0,0
1,2,2,0
2,1,0,0
4,1,0,0
0,1,0,0
2,2,0,0
6,2,1,0
6,1,1,0
6,2,0,0
4,1,0,0
5,2,0,0
2,0,0,0
4,1,0,0
1,1,0,0
0,0,18,0
1,1,0,0
4,1,0,0
4,1,1,0
0,1,0,0
2,1,0,0
1,1,0,0
4,1,0,0
1,1,0,0
,2,1,5
,1,1,2
1,1,0,0
1,1,0,0
1,1,0,0
1,,0,0
2,1,0,0
1,1,0,0
6,3,0,0
1,2,0,0
2,3,0,0
6,2,0,0
2,2,0,0
2,1,0,0
4,1,0,0
1,2,0,0
2,2,0,0
2,0,3,0
5,2,0,0
1,2,4,0
6,1,0,0
0,0,1,0
4,1,0,0
1,2,0,0
1,1,0,0
1,1,0,0
1,1,1,0
5,2,0,0
2,0,2,0
4,3,14,0
6,0,0,0
6,0,0,0
6,1,1,3
6,1,2,0
2,2,7,0
2,1,0,0
2,1,0,0
2,2,0,0
6,,0,0
6,1,0,0
2,1,0,0
2,1,3,1
6,1,0,0
4,1,0,0
1,1,0,0
5,2,0,0
2,1,0,0
2,3,5,0
1,2,0,0
1,2,0,0
1,1,0,1
1,1,0,0
1,2,0,0
1,1,0,0
0,1,0,0
2,0,0,0
6,1,0,0
0,1,0,0
4,2,0,0
0,1,0,0
6,1,0,0
1,0,0,0
6,1,0,0
1,2,0,0
5,1,0,0
0,1,0,0
1,1,0,0
2,1,0,0
1,2,0,0
2,3,,
1,2,2,1
1,2,0,0
1,1,0,0
1,1,0,0
0,3,0,1
1,4,0,0
1,2,0,0
1,2,0,0
6,2,10,7
4,2,3,0
1,1,0,0
1,2,0,0
1,1,0,0
4,2,0,0
1,1,0,0
4,1,0,0
4,3,0,0
4,2,1,0
4,2,0,0
2,1,0,0
1,1,0,0
6,1,0,0
1,1,0,0
2,1,0,0
1,1,0,0
4,3,0,0
1,1,0,0
4,2,0,0
1,2,0,0
6,1,4,0
0,2,0,0
1,1,0,0
2,2,0,0
1,1,0,0
1,1,0,0
4,1,1,0
1,1,0,0
1,1,0,0
6,1,0,0
2,1,0,0
1,1,0,6
1,1,,
6,2,0,0
1,3,0,0
1,2,0,0
2,1,0,0
6,1,1,0
2,1,0,0
1,1,0,0
1,1,0,0
1,1,0,0
6,1,0,0
1,1,0,0
1,2,2,0
2,2,0,0
1,1,0,0
6,2,0,0
1,1,0,0
1,2,0,
6,2,1,1
1,2,0,0
1,1,0,0
1,1,0,0
1,2,1,0
0,1,0,0
2,2,0,0
2,1,0,0
1,1,0,0
4,1,0,0
1,1,0,0
6,2,0,26
,1,0,2
0,1,0,0
2,2,0,0
6,2,4,1
1,1,0,0
4,2,0,0
1,2,0,0
6,1,5,0
1,1,0,0
0,1,0,0
6,1,0,0
2,2,1,0
1,1,0,0
1,1,0,0
1,2,0,2
4,1,0,0
1,1,0,0
6,2,0,0
0,2,0,0
1,2,0,0
2,2,0,0
1,2,0,0
2,1,0,0
6,3,1,6
4,1,0,0
4,1,0,0
1,3,19,0
6,1,0,0
1,2,0,0
4,0,0,0
4,1,0,0
6,2,0,0
1,2,0,0
2,1,0,0
1,2,0,0
,2,0,0
1,2,0,0
1,1,0,0
1,2,0,0
0,2,0,0
4,1,0,0
2,3,0,0
1,1,0,0
0,0,0,0
1,2,0,0
4,2,0,0
4,2,0,0
1,1,0,0
4,1,0,0
6,2,0,0
1,2,0,0
6,1,3,1
,2,1,6
6,2,0,0
4,1,0,0
1,1,0,0
4,1,0,0
4,1,0,0
2,2,0,0
0,1,0,3
2,3,0,0
1,1,0,0
1,1,0,0
4,0,2,0
1,2,0,0
1,1,0,0
1,1,0,0
2,2,0,0
2,2,0,0
4,1,0,0
1,1,0,0
,2,0,0
6,1,0,0
,,0,0
1,1,0,0
0,0,0,0
2,2,0,0
6,1,0,0
6,1,0,0
6,1,1,0
1,1,0,0
6,1,0,0
6,1,2,1
1,1,0,0
1,1,0,0
1,1,0,0
1,1,0,0
1,2,0,0
1,1,0,0
4,1,0,0
6,2,9,0
1,2,2,2
1,1,0,0
1,1,0,0
1,1,0,0
4,1,0,0
1,1,0,0
6,4,50,
2,1,0,0
2,1,0,0
1,1,0,0
6,1,0,0
2,0,4,0
4,2,7,0
1,2,0,1
1,1,0,0
1,1,0,0
1,0,0,0
1,2,0,0
6,1,0,0
4,1,0,0
1,3,0,0
1,1,0,0
4,1,0,0
2,1,0,0
6,2,0,0
5,1,0,0
1,1,0,0
1,1,0,0
1,1,0,0
1,1,0,0
4,1,0,0
1,1,0,0
1,1,0,1
1,1,0,0
1,1,0,0
1,1,0,0
1,1,0,1
6,1,3,3
6,2,0,0
1,2,0,0
2,1,0,0
4,2,0,0
4,2,0,0
2,2,1,5
4,2,0,0
1,1,0,0
1,1,0,0
1,1,0,0
6,1,2,1
3,2,0,0
1,1,0,0
6,1,0,0
2,2,2,0
1,1,0,0
2,1,0,0
1,1,0,0
6,1,0,0
1,1,0,0
1,1,0,0
1,1,0,0
1,3,0,0
1,1,0,0
4,1,0,0
1,0,0,0
2,2,0,0
6,1,0,0
2,2,0,0
6,2,0,0
6,3,0,0
0,2,0,0
1,2,,
0,3,6,0
0,1,0,0
4,2,0,0
2,1,0,0
2,2,0,0
0,1,0,0
1,1,0,0
6,1,1,2
1,2,0,0
1,1,0,0
2,1,0,0
4,2,2,0
4,1,0,0
4,1,0,0
4,1,0,0
1,1,0,0
1,2,0,0
6,2,0,0
1,2,0,0
1,2,1,0
2,3,0,0
1,1,0,0
2,2,0,0
1,1,0,0
1,2,0,0
1,2,2,2
2,2,1,1
6,2,1,1
1,2,2,2
1,1,0,0
2,3,,
1,1,0,0
6,2,0,1
6,1,0,0
2,3,0,0
1,1,0,0
1,1,0,0
1,3,3,0
0,1,0,0
6,1,0,0
1,2,1,0
1,2,0,0
1,2,0,0
1,1,0,0
2,3,0,0
1,2,0,0
6,1,0,0
1,1,0,0
6,1,0,0
0,1,0,0
0,2,4,1
1,1,0,0
1,2,0,0
2,1,0,0
2,3,0,0
1,1,0,0
6,2,0,0
1,1,0,0
2,2,0,0
4,2,0,0
1,2,0,3
0,1,0,0
6,2,5,1
1,1,0,2
1,1,0,0
6,1,2,0
1,1,0,0
1,2,0,0
4,2,0,1
2,1,0,0
0,2,0,0
1,1,0,0
1,1,0,0
1,1,0,0
1,1,0,0
2,2,0,0
1,1,0,0
6,2,0,0
6,1,0,0
1,1,0,0
,2,3,7
1,1,0,0
1,1,0,0
1,1,0,0
4,0,,
4,2,0,0
1,1,0,0
0,1,0,0
2,3,4,10
1,1,0,0
1,3,0,0
1,2,0,0
1,1,0,0
2,1,0,0
6,1,0,0
6,1,0,0
2,4,2,5
0,1,0,0
1,1,0,0
4,1,0,0
1,1,0,0
4,1,0,0
2,2,0,0
0,1,0,0
1,2,0,0
1,1,0,0
1,0,0,
2,2,0,0
2,2,0,0
0,1,0,0
2,1,0,0
1,2,,
1,3,6,3
0,1,0,0
0,1,1,0
1,1,0,0
2,1,0,0
6,3,0,0
1,1,0,0
1,2,0,0
6,1,0,0
1,1,0,0
2,1,0,0
1,1,0,0
0,3,0,0
2,1,0,0
1,1,0,0
6,1,0,0
1,2,0,0
0,2,12,0
1,2,,
1,1,0,0
1,1,0,0
1,2,,
1,0,0,0
6,1,0,0
4,0,0,0
6,2,1,0
6,2,0,0
2,3,0,0
0,2,0,0
6,1,0,0
6,1,0,0
4,3,0,0
2,2,0,0
1,1,0,0
1,2,0,0
1,1,0,0
1,1,0,0
6,2,0,0
1,1,1,0
4,1,0,0
2,2,0,0
6,2,0,0
4,1,0,0
1,1,0,0
4,0,,
3,2,0,0
1,4,17,0
1,2,,
2,3,0,0
4,1,0,0
1,2,0,0
1,2,0,0
1,1,0,0
0,2,0,0
2,1,0,0
6,1,1,0
,2,0,0
0,1,0,0
1,1,0,0
6,3,20,0
2,2,,
2,1,2,0
2,1,0,0
0,1,0,0
6,1,0,0
6,1,0,0
2,2,0,0
6,0,1,3
1,1,0,0
6,3,0,0
,,5,0
6,1,0,0
6,3,0,0
0,1,1,1
1,1,0,5
6,1,1,
1,1,0,0
1,1,0,0
2,2,0,0
6,1,1,1
6,1,0,0
1,1,0,0
2,2,6,0
4,2,0,0
4,3,,
1,2,0,0
1,1,0,0
4,1,0,0
1,1,0,0
6,1,0,0
1,2,0,0
1,1,0,0
6,1,0,0
1,1,0,0
1,1,0,0
1,2,0,0
2,2,0,0
0,2,0,0
1,1,0,0
1,1,0,0
2,2,0,0
1,2,2,0
1,2,0,0
1,2,0,0
1,1,0,0
5,3,1,0
4,2,0,0
1,2,0,0
1,2,,
1,1,0,0
6,1,0,0
1,1,0,0
6,1,1,0
1,2,0,0
4,2,0,0
1,1,0,0
1,1,0,0
4,1,1,0
2,1,0,0
1,2,0,0
1,1,0,0
4,2,0,0
1,1,0,0
0,2,0,0
0,2,113,0
1,1,0,0
2,2,0,0
6,2,0,0
4,1,0,0
1,1,0,0
1,1,0,0
1,1,0,0
1,2,0,0
1,2,1,0
6,1,,
,1,0,0
1,1,0,0
0,2,0,0
6,1,0,0
4,2,3,0
5,1,0,0
1,1,0,0
1,1,1,0
6,1,0,0
2,2,0,0
1,1,0,0
1,1,0,0
1,2,0,0
6,3,0,0
0,1,0,0
4,1,3,0
1,1,0,0
1,1,0,0
1,3,0,0
6,1,0,0
1,1,0,0
1,1,0,0
2,0,3,
1,1,0,0
1,1,0,0
1,1,0,0
1,3,0,0
1,1,,
2,2,5,0
1,2,4,0
1,2,1,6
1,1,0,0
2,1,0,0
4,2,4,1
6,1,0,0
1,1,0,0
1,2,0,9
1,2,0,0
1,1,0,0
4,1,0,0
4,2,0,0
1,2,0,0
5,2,0,0
4,1,0,0
1,1,0,0
2,0,1,0
,2,1,0
4,1,0,0
1,1,0,0
1,2,0,0
4,2,0,0
2,1,0,0
1,3,11,0
1,1,0,0
0,2,5,3
3,1,0,0
1,1,0,0
1,3,13,0
0,0,0,0
1,1,0,0
4,1,0,0
,1,0,0
6,1,0,0
1,2,0,0
1,1,0,0
4,1,0,0
6,3,1,0
4,1,0,0
1,1,0,0
5,1,0,0
4,2,3,0
6,0,0,0
6,3,0,1
1,1,0,0
4,2,3,0
2,0,0,0
5,1,0,0
4,1,0,0
2,4,4,2
2,1,0,0
6,1,0,0
4,1,0,0
1,2,0,0
2,1,0,0
1,2,0,0
1,2,0,0
1,2,0,0
0,1,1,1
4,1,0,0
4,1,0,0
4,1,0,0
1,1,0,0
1,1,0,0
1,1,0,0
1,2,27,0
6,1,2,0
0,1,1,0
2,3,24,
6,1,2,0
